,Name,Handle,Party,Bio,id
0,Steen Frandsen,@SteenFrandsen,A,,2524397176
1,Lars B. Goldschmidt,@LarsGoldschmidt,A,,2423339089
2,Lea Wermelin,@LeaWermelin,A,"Miljøminister, bornholmer og folketingsmedlem for @spolitik. Mor til to piger. Tlf. 38142142",606561223
3,Dave Christensen,@Koach_C,B,Retired College Football Coach,2374418474
4,Niels E. Ebbesen,@nebbesen,B,,219248466
5,Gerhard Lyng,@GerhardLyng,B,,637353780
6,Birger Nissen,@birgernissen,B,,2726869185
7,Diana-Ester B. Eriksen,none,C,none,2726869185
8,Sebastian Larvad,@SLarvad,C,,2597042407
9,Henriette Søvind,@HenrietteVind,C,"CEO - Foredragsholder, debattør, analytiker, forfatter, adfærds-nørd & livsdesign/skyggevejleder",1319010406304722944
10,Jakob Buchwald Busk,none,D,none,1319010406304722944
11,Thomas Garfort,@thomas_garfort,F,,775023874480087040
12,Andreas Grosbøll,@grosboell,F,Folketingskandidat for SF på Bornholm. Uddannelsesleder for SoSu/PAU på Bornholms Sundheds- og Sygeplejeskole,893052840855445504
13,Clara Malmqvist,none,I,none,893052840855445504
14,Mette Vinqvist,none,I,none,893052840855445504
15,Bjarne Hartung Kirkegaard,none,K,none,893052840855445504
16,Lars Christian Funk,none,M,none,893052840855445504
17,Stine Bo Rosenquist,@stinebo91,M,Seniorkonsulent til Public Affairs og Kommunikation hos De Danske Bilimportører,1007181402075475968
18,Rene Danielsson,@DanielssonRene,O,"Kulturkonservativ debattør og lokalpolitiker på Bornholm for DF. Oversergent, gift og en lille datter + bonus. Fodboldnørd.",1291701512
19,Mette Sode Hansen,none,O,none,1291701512
20,Sabine Nicoline Lyngberg,none,O,none,1291701512
21,Stine Zink Kaasgaard,@stinezk,Q,Næsten direkte fra filosofiens kringelkroge til gravermedhjælper og folketingskandidat for Frie Grønne på Bornholm.,912909277
22,Birthe Tindbæk Bredo,none,V,none,912909277
23,Peter Juel Jensen,@PeterJuelJensen,V,"m/f Venstre, Landdistriktsordfører, Beredskabsordfører, Treasurer i OSCE PA, medlem af Forsvarsudvalget, Transportudvalget, Udvalget for Landdistrikter og Øer",1667366742
24,Julie Pauch Nymark,none,V,none,1667366742
25,Vibeke Brønnum,@VibekeBr,Æ,"Danmarksdemokraternes Folketingskandidat på Bornholm. Bornholmer, sygeplejerske, fhv. folkesundhedschef, MSc ledelse/organisation, gift med Karsten, mor til 2+2",4188436606
26,Laura Kofod,@laura_kofod,Ø,,2337969713
27,Morten Riis,@m_riis,Ø,"Composer, sound-artist and approaching theoretical media archaeology",217415239
28,Martin Kelleher-Petersen,none,Å,none,217415239
29,Caroline Meyer White,none,Å,none,217415239
30,Charlotte Petersen,none,UDEN,none,217415239
31,Trine Bramsen,@Trinebramsen,A,Joan Didion: “Writers are always selling somebody out”.,130160241
32,Bjørn Brandenborg,none,A,none,130160241
33,Sara Emil Baaring,@BaaringEmil,A,Folketingskandidat og medlem af Assens byråd for Socialdemokratiet. Bor i Skalbjerg på Fyn. Folkeskolelærer på Verninge skole. Gift med Mark og har to børn.,1497703950543462413
34,Mads MadsenHenriksen,@MadsenHenriksen,A,Folketingskandidat for Socialdemokratiet i Odense Øst - 60127783,847456382
35,Thomas Skriver Jensen,none,A,none,847456382
36,Dan Jørgensen,none,A,none,847456382
37,Lasse Haugaard Pedersen,none,A,none,847456382
38,KimAas,@KimAas6,A,Love myself,1299603320500178945
39,Niels Grønlund,none,B,none,1299603320500178945
40,Kim Lei-Jensen,none,B,none,1299603320500178945
41,Jan Werner Mathiasen,@JanWernerNyborg,B,"Officer, familiefar til fire, økonom og folketingskandidat for Radikale Venstre.

Fagligheden på dagsordenen. Fremtiden for bordenden. Fællesskabet i centrum.",1513572005341192196
42,Hanne Ringgaard Møller,@HanneRinggaard,B,Engageret i samfund og mennesker. Positiv og Forstående.,929068008349323264
43,Rasmus Helveg,@rasmushelveg,B,"MF, radikale venstre. Klimaordfører. Transportordfører. Præsidiemedlem. Fhv udviklingsminister, fhv klima- og energiminister",2189798855
44,Tobias Bennedsen,@TobiasBennedsen,C,"Konservativ folketingskandidat, og folkeskolelærer i Middelfart.",1436773774108602371
45,Anne Fiber,none,C,none,1436773774108602371
46,Kristian Guldfeldt,@Guldfeldt,C,Folketingskandidat og byrådsmedlem og Pol. ordfører for DKF i Odense. Mail: krsg@odense.dk Tlf: 30604469,24530706
47,Emil Holbech Hansen,@EmilHolbech,C,,3160677635
48,Joachim Torp Hoffmann-Petersen,@JoachimTHP,C,"Anæstesi og intensivlæge.
tidl Fmd Dansk Selskab for Anæstesi og Intensiv Medicin.
Folketingskandidat for Konservative på Fyn. Byrådsmedlem i Odense.",1094256760532156418
49,"John Hoppe, Owner",@vacumed,C,Experts in VO2 & Body Composition measurements,41037778
50,Anders Johansson,none,C,none,41037778
51,Mai Mercado,none,C,none,41037778
52,Roya Moore,@MooreRoya,C,,1225494002729996288
53,Mikkel Bjørn,@Mikkel_Bjorn,D,Folketingsmedlem for Nye Borgerlige på Fyn,1516045572096106499
54,Rebecha Foged,@RebechaFoged,D,,2558924389
55,Jonas René Jensen,@MrJenZen,D,Politiker for Nye Borgerlige,305553518
56,malte jäger,@maltejaeger,D,freelance photographer,240325100
57,Melanie Jørgensen,@melanieclaraa,D,,737195018700611584
58,Henrik Tørnqvist Lauridsen,none,D,none,737195018700611584
59,Lars S Lillebæk,@Lars_LIL,D,,2889622321
60,Nicolaj Pedersen,@nicoHolm,D,,525249201
61,Jonas Hulgaard Ammundsen,none,F,none,525249201
62,Karsten Hønge,@khoenge,F,"Verbal nævefighter. Politik skal ikke være unødig kedeligt. MF for SF. Fhv. medlem af byråd, regionsråd, og amtsråd. Tidl. tømrersvend og fagforeningsformand.",2304249887
63,Lise Müller,@Lisem_ller,F,Sygeplejerske - Næstformand SF,2218774262
64,Nynne Printz,none,F,none,2218774262
65,katrine_wulff,@mrsbieberwulff,F,,1372249424
66,katrine daugaard,@Katrine_86,I,,158460071
67,Silke Anna Hein,@silke_hein,I,"Kommunikationsstuderende, ansat i IT-branchen og folketingskandidat for LA.",969920371016249346
68,Anders Kirkeby ,@akirkeby,I,Seasoned curator of shiny new things and ideas that adds value in financial services,19900147
69,Sinus Kremmer,@KremmerSinus,I,Bøh,1555837792537780230
70,Christoffer Munk,@MunkChristoffer,I,Tidl. Forretningsudvalgsmedlem i Liberal Alliances Ungdom,316378556
71,Jenan Jamel Bozo,none,K,none,316378556
72,Torben Bundgård,@tbundgard,K,,41178408
73,Gert Dyrn,@gert_dyrn,K,,3589816889
74,Anders Friis Knudsen,@AndersFKnudsen,K,"Sacristan / Parish clerk. Chairman in boys brigade. Husband, dad and granddad. Poet. Editor. Christian Democrat. Football ref. Addicted to American Football.",565582931
75,Simon Lavdal,@SimonLavdal,K,,3302222951
76,MARIA,@eumaria,K,"atriz, cantora e compositora.",773262321946857474
77,Michelle West,none,K,none,773262321946857474
78,Niclas Aarestrup KD,@NiclasAarestrup,K,"Næstformand i KD Fyns Storkreds. Fokus på transport, Fyn, psykiatri, idræt, kultur, internationale relationer og IT. Tweets udtrykker egen holdning.",1537135420487647233
79,Kenneth Bjerg Andersen,none,M,none,1537135420487647233
80,Rosa Eriksen,@RosaEriksen9,M,Folketingskandidat for Moderaterne. Sygeplejerske.,1560192117858861056
81,Carsten Damgaard Møller,none,M,none,1560192117858861056
82,Gustav H.C. Wulff,@Hyrnyrd,M,Welcome to the workshop of a mad hatter.,449239381
83,Alex Ahrendtsen,none,O,none,449239381
84,Signe Vedersø Keldorff,none,O,none,449239381
85,Lars Kolling,@larskolling_,O,,3816636029
86,charlotte moeller-madsen,@MadsenMoeller,O,,1532011223281287168
87,Cheanne Nielsen DF,@CheanneNielsen1,O,,1493238465118539781
88,Frank Sørensen,@FrankSrensen9,O,,1069256998590586880
89,Dorthe Ullemose,@DortheUllemose,O,"Folketingsmedlem for Dansk Folkeparti. Byrådsmedlem, formand af børn og unge §18 udvalget. Næsteformand i udvalget  for børn og unge.",4193620336
90,Ganesh Nishan,@GaneshNishan,Q,,1573185689545412608
91,Nicholas Nyrop Vinthen,none,Q,none,1573185689545412608
92,Marlene Ambo-Rasmussen,@MarleneAmbo,V,Folketingsmedlem (V) Social - handicap - og familieordfører. Medlem af social- og beskæftigelsesudvalget i Odense byråd.,2769904943
93,Erling Bonnesen,@ErlingBonnesen,V,"MF (V) Fødevare -, landbrugs -og dyrevelfærdsordfører. Medlem af miljø -og fødevareudvalget og landdistriktsudvalget m.fl. . Valgt og opstillet på Fyn.",3017243674
94,Nikolaj Henriksen,@nikolaj_leed,V,medlem af Assens byråd (V),2719315951
95,Khan Araz,@XanAraz,V,,256874828
96,Tom Kristoffersen,@TomKristoffers1,V,Sarping med Sparta som all star favoritt!,594845285
97,Lars Chr. Lilleholt,@larsclilleholt,V,"Folketingsmedlem for Venstre, valgt i Fyns Storkreds. Fhv. Energi-, forsynings- og klimaminister.",2368516215
98,Pia Offer Madsen,none,V,none,2368516215
99,Bo Sandberg,none,V,none,2368516215
100,Martin Jason Adelgaard,none,Æ,none,2368516215
101,J H Thulesen Dahl,@JThulesen,Æ,Medlem af Folketinget for Danmarksdemokraterne. Valgt til Folketinget i 2011.,1877755088
102,Vivian,@coffeebae97,Æ,the public diary of a tiktoker,1307023551216713728
103,Bent Juul Sørensen,none,Æ,none,1307023551216713728
104,Nikolaj Vang,@NikolajVang,Æ,,27419804
105,Victoria Velásquez,none,Ø,none,27419804
106,RezaJavid,@RezaJavid,Ø,,18924984
107,vibeke syppli enrum,@Vse11Vse,Ø,,1548755000
108,Torsten Ringgaard,none,Ø,none,1548755000
109,Camilla Jensen,@CamillaDalum,Ø,,1275708938
110,Victoria Bøgh Salo,none,Ø,none,1275708938
111,Bjarne Lund,@NielsBLund,Ø,"Bestyrelsesmedlem i Enhedslisten Nordfyn. Folketingskandidat for Enhedslisten, i Middelfart kredsen.",612509262
112,Henrik Boye Ebbesen,@henrikebbesen,Å,"Journalist. Kommunikationsmedarbejder hos videnshuset Cabi, der arbejder for et rummeligt arbejdsmarked. Interesser: Travsport, mountainbike, politik og familie",1399950752
113,Linda Frølund Hansen,@LindaFrlund,Å,,1582675166957543426
114,Bodil Marie Helbo,none,Å,none,1582675166957543426
115,Anna Astrid Høy-Nielsen,none,Å,none,1582675166957543426
116,Simon Nyborg Jensen,none,Å,none,1582675166957543426
117,Martin Kjærulff (Å),@martin78,Å,Folketingskandidat på Fyn,5604762
118,Ole Dupont Kofod,@Kophod,Å,Selvstændig,903579678
119,Kasper Sætra Krebs,@Apex_Kasper,Å,,3742867768
120,Marianne Lassen,@MarianneLassen4,Å,"German mum of 2 living in London for 40 years and proudly working for the NHS. Food snob, knitting whizz and Nadal fan girl.",1167706804794613761
121,Mette Rahbek,@RahbekMette,Å,Mønsterbryder. Pædagog. Socialrådgiverstuderende. Aktivist. Feminist. Grøn socialist.,1030044852069847040
122,Millah Kongsbach,none,UDEN,none,1030044852069847040
123,Jeppe Bruus,none,A,none,1030044852069847040
124,Morten Bødskov,none,A,none,1030044852069847040
125,Maria Durhuus,@DurhuusMaria,A,,1066288664752345089
126,Maria Gudme,none,A,none,1066288664752345089
127,Kasper Sand Kjær,@SandKjaer,A,MF for @Spolitik - Udlændinge- og integrationsordfører / Medieordfører - valgt i Ballerup og Glostrup - 61 62 58 61 / kasper.kjaer@ft.dk,1092338365
128,Sebastian Schwartz,none,A,none,1092338365
129,Mattias Tesfaye,none,A,none,1092338365
130,Gunvor Wibroe,none,A,none,1092338365
131,Kashif Ahmad,none,B,none,1092338365
132,Christina Rittig Falkberg,none,B,none,1092338365
133,Brian Køster,none,B,none,1092338365
134,Stinus Lindgreen,none,B,none,1092338365
135,Sofie Carsten Nielsen,@sofiecn,B,@radikale. Vores 2030-plan er en invitation til røde og blå.,16955917
136,Abbas Razvi ‏عباس,@abbasrazvi,B,"Landscape Architect. Ardent traveller. 
A good singlemalt whiskey, a good cigar,  good music and of course good company..UC.Berkeley. Hyderabad.",36872829
137,Esat Sentürk,@dahanejya,B,,749494254473445376
138,Hediye Temiz,none,B,none,749494254473445376
139,Britt Bager,@brittbager,C,Folketingsmedlem for @KonservativeDK. Folketingskandidat i Lyngby-Taarbæk i Københavns Omegns Storkreds,2605052558
140,Hanne Bjørn,@hannebjornk,C,"Folketingskandidat for Det Konservative Folkeparti, Rødovrekredsen, kommunalbestyrelsesmedlem, Herlev, tlf: 22354772, hanne@netbjorn.dk",806047743554846720
141,Magnus Von Dreiager,@MagnusVonDrei,C,"Folketingskandidat, 2. viceborgmester i Lyngby-Taarbæk og regionsrådsmedlem i Region H for @KonservativeDK samt landsformand for @KSL_DK. Tlf. nr. 23351995",731063515742674945
142,Tina Cartey Hansen,@TinaCartey,C,,3309408843
143,Rasmus Jarlov,@RasmusJarlov,C,"Finansordfører, skatteordfører, forsvarsordfører, ordfører for Rigsfællesskabet og næstformand i den konservative folketingsgruppe. Valgt i Københavns Omegn.",1225930531
144,Michael R Rugaard,@r_rugaard,C,Interesse for politik og samfund.,1250776595322867713
145,Merete Scheelsbeck,@Scheelsbeck,C,Folketingskandidat og byrådsmedlem for Konservative i Høje-Taastrup Tlf 30295248,34215449
146,Hans Henrik Sørensen,@HansHenrikDF,C,Politiassistent ved Nordjylland Politi.,3126586324
147,Tom Bentsen,@tomaveryspotted,D,welcome to my lucid pixie dream | he/they,1413599214572085250
148,Ulla Kokfelt,@UllaKokfelt,D,"Spidskandidat til Folketinget i Københavns Omegns Storkreds og medlem af byrådet i Helsingør, Nye Borgerlige.",4853344234
149,Alberte Rasmussen,@Albertekornelia,D,,729720627452628992
150,Claus Bøgh Svenningsen,none,D,none,729720627452628992
151,Sigurd Agersnap,@SigurdAgersnap,F,Landsledelsesmedlem i SF og viceborgmester i Lyngby-Taarbæk,2614267129
152,Serdal Benli,none,F,none,2614267129
153,Niels haxthausen,@NielsHaxthausen,F,,4905278560
154,Rasmus Henriksen,@RasmusH_,F,Fodboldnørd og til hverdag lokalredaktør hos Fyens Stiftstidende.,2679126224
155,Vivi Nør Jacobsen,@ViviNoer,F,"Folketingskandidat for SF, aktivist, medlem af kommunalbestyrelsen i Albertslund... optaget af skole, børn, klima og natur, velfærd og fællesskaber",157598331
156,Troels Stru Schmidt,@troelsstru,F,"Folketingskandidat for SF Rødovre, Medl. af SFs landsledelse, ph.d, gymnasielærer, far til 3 og temmelig vred over klimakrise, ulighed og højrepopulisme.",911309798448214016
157,Alexander Bruhn Skjøth,@AlexanderBS_dk,F,"Folketingskandidat for SF i Brøndbykredsen.Nørd, almen organisationsformand, bolig-, LGBTQIA+-, social-, og it-holdninger. Egne meninger. (web under opdatering)",1657404091
158,Sofie F. Villadsen,none,F,none,1657404091
159,Louise Siv Ebbesen,@EbbesenSiv,I,"Folketingskandidat - Liberal Alliance, Københavns Omegn",3313060810
160,Simon Karim Helledie,none,I,none,3313060810
161,David Ibsen,@dlibsen,I,"@UANI Executive Director, @FightExtremism Executive Director. Former Policy Analyst for U.S. State Dept, delegate to U.N. RTs not endorsements.",964556154264309762
162,jørgen juhl petersen,@nakskov66,I,,3640398796
163,Steffen Larsen,@S_B_Larsen,I,"MF Liberal Alliance
Siger ofte ordet 'træls' og er ret optaget af borgerlige værdier.",2233550129
164,Peter Loft,@peterloftdk,I,,3803463989
165,Danny Malkowski,@DannyMalkowski,I,,289560317
166,Søren Schmidt-Andersen,@schmidt_sa2001,I,"En ung fyr med stor interesse i hver der rør sig i politik, aktiemarkedet samt samfundet som helhed. Dernæst formand for LA-Ungdom i København.",1348914998995783681
167,Johnnie V Gregersen,@JohnnieVG,K,Follower of Jesus. Gift & far til 6 voksne børn. Kristendemokrat. Ishockey. El-taxa/limo vognmand i Kbh.,31275737
168,Elif Gökçe Demir,@eliff_gokce,K,,1405430924435722248
169,Esben Frette Johnsen,@EsbenFreJohnsen,K,"Biolog og far til to -
Næstformand Kristendemokratisk Ungdom -
Formand for Kristendemokraterne i Gladsaxe",1571277475
170,Bolette von Westphal,none,K,none,1571277475
171,Ammar Ali,none,M,none,1571277475
172,Lars Arne Christensen,@LarsArneC,M,"Business Angel, debattør, madøre, sportsmand, snapse- og likørmager og forelsket i fru Lilian",24929498
173,Rasmus Skindbjerg Hinrichs,none,M,none,24929498
174,Rasmus Lund-Nielsen,none,M,none,24929498
175,Anastasiya_Kvitko,@Official_Kvitko,M,Russian Model I Commercial offers info@anastasiakvitko.com I INSTAGRAM @Anastasiya_kvitko I,2337448871
176,Monika Rubin,none,M,none,2337448871
177,Susanne Damsgaard,@SusanneDamsgaa1,O,Politisk aktiv hos Dansk Folkeparti,1297183336880840710
178,Mikkel Dencker,@Mikkel_Dencker,O,,1204304318
179,Michael Aastrup Jensen,@michaelaastrup,O,Medlem af Folketinget. Bor og valgt i Østjylland. Udenrigspolitisk ordfører (V) samt tidl. borgmester i Randers. MP and Foreign Affairs spokesperson (Liberal),16270209
180,Cecilie Winther Kristensen,@Cecilie_WK,O,Folketingskandidat for DF i KBHs Omegn Storkreds. 1. suppleant i Borgerrepræsentationen i København for Dansk Folkeparti. cecilie.kristensen@ft.dk tlf: 61623184,1312091518891589633
181,Morten Messerschmidt,@MrMesserschmidt,O,Medlem af Folketinget. RT means worth reading/seeing. No name = No response,509288627
182,Jared Michael Pihl,@mourningrainmsc,O,"Jared Michael Pihl is an American musician/songwriter from Long Island, New York, sometimes referred to as ""JMP"".",375437859
183,Lars Prier,none,O,none,375437859
184,Rita Rahbek Russell,@RahbekRita,O,,519901239
185,Asham Agha Nadeem,none,Q,none,519901239
186,Aqeel Akhtar ch,@AqeelAkhtarch1,Q,"SV President SMT District BahawalNagar

Vote Ko Izzat Do",1453997894177067013
187,Nour Elzeftawy,@NourElzeftawy,Q,N,1545517080530796544
188,Sabrina Carpenter,@SabrinaAnnLynn,Q,,63822383
189,Karen Ellemann,@EllemannKaren,V,,3123406113
190,Anders Bo Larsen,@pocahotdog,V,,2593032117
191,Lennart Hartmann Nielsen,none,V,none,2593032117
192,Casper Phillip Pedersen,@pedersencasp,V,Danish professional road cyclist with Team DSM,752832515694596096
193,Mathias Rinaldo,none,V,none,752832515694596096
194,Astrid Søborg,@AstridSborg,V,"Fortabt i politik, samfund og historie, natur, have, borgerlig ordentlighed, lokaldemokrati.",2422200278
195,Kim Valentin,@kimvalentinDK,V,"medlem af Europa-parlamentet, partner i Finanshuset i Fredensborg A/S, Landsformand LOF",3512158337
196,Ricki Vejsmose,none,V,none,3512158337
197,Charlotte Munch,@MunchCharlotte,Æ,,2152111485
198,Mette Qwinten,@MetteQwinten,Æ,,1087944334488584193
199,Michael Rosenmark,none,Æ,none,1087944334488584193
200,Søren Søndergaard,@SrenSndergaard3,Ø,"MF for Enhedslisten. Ordfører for EU, kultur og medier. Formand for delegationen til den Inter-Parlamentariske Union og medlem af Europaråds-delegationen.",1050737835983163392
201,Tobias Clausen,none,Ø,none,1050737835983163392
202,Necla Baran,@neclabaran72,Ø,"''İnsanı gördüklerinden ibaret sayma, göremediklerinde ara. İçidir hakikatin resmi, dışı sadece bir manzara!''",1165553984
203,Mathilde Vinther,@m_vinther,Ø,Folketingskandidat for Enhedslisten i Københavns omegn,1362859442
204,Helge Bo Jensen,none,Ø,none,1362859442
205,Stefan Rundstrøm,none,Ø,none,1362859442
206,Stine Rahbek Pedersen,none,Ø,none,1362859442
207,Qasam Nazir Ahmad,@qasamnahmad,Å,Tidligere Regionsrådsmedlem(2018-2021)  - Tidligere Byrådsmedlem i Halsnæs(2017) - Risk Manager hos UFST.,3108704116
208,Thomas Anker,none,Å,none,3108704116
209,Irina Bjørnø,none,Å,none,3108704116
210,Jesper Callesen,@jazz7319,Å,I am 15 years old and im 1.85 tall. write to me for more information ;) ..,192982058
211,Sofie Groth,none,Å,none,192982058
212,Bitten Vivi Jensen,none,Å,none,192982058
213,Thomas Lindqvist,@thomaslindqvist,Å,Exploring the future of work - Agile Coach @ King,19238597
214,ulla sandbaek,@usandbaek,Å,2016-2019 MF for Alternativet valgt i Københavns Omegn. Fhv. Europaparlamentariker. Fredsarbejde i Mellemøsten. Pastor Emeritus.,542624551
215,Henrik Vendelbo Petersen,none,UDEN,none,542624551
216,Jovan Tasevski,@jovan_tasevski,UDEN,,1072607384445571072
217,Halima El Abassi,none,A,none,1072607384445571072
218,Yildiz Akdogan,none,A,none,1072607384445571072
219,Ida Auken,none,A,none,1072607384445571072
220,Jarl Feyling,@JarlFeyling,A,Student hos Socialdemokraterne og entourage for @SrenJakobsen2,1728191450
221,Peter Hummelgaard,@PHummelgaard,A,Beskæftigelsesminister. MF for Socialdemokratiet. Forfatter til debatbogen “Den Syge Kapitalisme”. Stolt søn af Amager.,600462984
222,Lone Leth Larsen,@LethLone,A,"Culture is my life, culture is the glue that binds us together.",550027115
223,jørgen mørup pedersen,@rgen_rup,A,,1044229362688643072
224,Nikoline Prehn,none,A,none,1044229362688643072
225,Lars Aslan,@lars_aslan,A,Medlem af folketinget for Socialdemokraterne            mobil: 61624830,4867147983
226,Mette Reissmann,@mettereissmann,A,"Medl af Borgerrepræsentationen i KBH. Folketingskandidat (S). formand i Dansk Aktionærforening, ARC, medl i bestyr i Kvindeøkonomien, ekspert i “Luksusfælden”",67062563
227,Rosenkrantz-Theil,@RosenkrantzT,A,Pernille Rosenkrantz-Theil er Medlem af Folketinget for Socialdemokratiet.,563220669
228,Lars Werge,none,A,none,563220669
229,Klaus Bondam,@KlausBondam,B,ÅBEN FOR NYE MULIGHEDER. Send en mail på klaus@bondam.dk hvis du har en idé til mig - og vil drikke en kop kaffe.,16995167
230,Clara Halvorsen,@ClHalv,B,Folketingskandidat for @radikale i København og medlem af Forretningsudvalget. +4528494672,1256763655
231,Anders Højsted,@AndersHojsted,B,Forsker. Rollespiller. Forfatter. Spildesigner. Filosof.  Europæer. Cis. He/Him.,342651981
232,Marie Kampmann,@mariekampmann1,B,"Folketingskandidat for Radikale fra KBHs storkreds. Socialliberal, lesbisk og gift feminist. Tidligere ufrivillig barnløs. CBS-uddannet & FinTech ekspert.",744117352241971200
233,Ruben Kidde,@rubenkidde,B,Fhv. klimaordfører for @radikale på Borgen. Folketingskandidat KBH. Formand for undervisning og politisk ordfører på FRB Rådhus 53862808/ruki01@frederiksberg.dk,135084546
234,Carolina Magdalene Maier,@carolinamaier,B,"Sekretariatschef, DFS. Tweeter for egen regning. Måske skarp i svinget men altid blid på den lange bane. carolinamaier@gmail.com",33848504
235,Samira Nawa,@SamiraNawa,B,"Medl af Folketinget, @radikale. Beskæftigelsesordfører. Retsordfører. Ligestillingsordfører. Podcast: “En Radikal Fortælling” Cand.polit. Tlf:61624111",92107029
236,Emilie Normann,@emilienormann1,B,"Innovation Attaché & Vice consul, EU H2020 Advisory Expert, tweets about research, policy, innovation, internationalisation, DK-German collaboration, H2020",1322466770
237,Michael Rachlin,none,B,none,1322466770
238,Thomas Rohden,@ThomasRohden,B,Folketingskandidat i København og regionsrådsmedlem i Hovedstaden for Radikale. Formand for Dansk Kina-Kritisk Selskab. thomas_rohden@hotmail.com eller 71903043,1558552056
239,Jes Vissing Tiedemann (han/ham),@jestiede,B,Projektleder i FH Hovedstaden og folketingskandidat for Radikale Venstre. Væsentlig mere interesseret i at hjælpe folk ind på end ud af arbejdsmarkedet!,1082435604
240,Peter Zinckernagel,@PZinckernagel,B,O,1233694111
241,KatarinaAmmitzboell,@Ammitzboell_K,C,"Fhv. MF/MP, Konservative Folkeparti, Frederiksberg, Københavns Storkreds. Grøn omstilling, demokrati & rettigheder, og internationalt udsyn.",3000528047
242,Allan Bilgaard Beier,@AllanBeier,C,,334242043
243,Helle Bonnesen (C),@Helle_Bonnesen,C,Folketingskandidat. Gruppeformand for Konservative i København. Medlem af Borgerrepræsentationen og Regionsrådet. Vinylpladepresser. Mobil 20406865,367572564
244,Nikolaj Bøgh,@nikolajbogh,C,Konservativ folketingskandidat i Københavns Storkreds og rådmand på Frederiksberg. Tlf. 24 26 09 25. nibo04@frederiksberg.dk,42966705
245,Rico Djernis,@ricodjernis,C,"Jeg arbejder for at styrke erhvervslivet, fra den enkelte iværksætter til den mellemstore virksomhed.",1512412058050080772
246,Helle Jønch,@Hellejonch,C,,1483401541092577280
247,Anders Havelund Krøyer,none,C,none,1483401541092577280
248,Nicola Emily Larsen,@NicolaELarsen,C,"Folketingskandidat i København (C) og kommunalbestyrelsesmedlem i Rudersdal. Stud.scient.pol, KU. Tlf. 24981133",1508503395837034497
249,Laura Lindahl,none,C,none,1508503395837034497
250,Martin Wood Pedersen,none,C,none,1508503395837034497
251,Peter Stakemann,@StakemannPeter,C,"Medlem af Indre By Lokaludvalg for de Konservative og folketingskandidat i Københavns Storkreds. Gift, far til 2 drenge. Bor i Indre By. Advokat tlf. 40323043.",797710883405365248
252,Casper Øhlers,@casperohlers,C,Folketingskandidat for Konservative i København. Borgerlig LGBT-debattør. Formand for Konservative Studerende på CBS. Casperohlers@gmail.com eller 29895049,2407318183
253,Henrik Ræder Clausen,@HenrikRClausen,D,,858682903324233729
254,Daniel Holst Pinderup,@DanielPinderup,D,"Veteran fra Forsvaret, ligestillingsnørd og Folketingskandidat for Nye Borgerlige i København.",1463063986857938947
255,Ketil Wathne Rasmussen,none,D,none,1463063986857938947
256,Niels Peder Ravn,@npravn,D,Kommunikatør — reklamemand — ægtemand — far — debattør — kandidat for Nye Borgerlige,149838547
257,Denise Rostgaard,none,D,none,149838547
258,Sadek Al-Amood,none,F,none,149838547
259,Balder Mørk Andersen,none,F,none,149838547
260,Lisbeth Bech-Nielsen,@LisbethBNielsen,F,"MF/MP. Follow the money. Liberalsocialist på høje hæle. Finans-, erhvervs- og IT-ordfører. Forfatter til ‘Oprør For Fremtiden’ og medstifter af @LibrePrisen",1535102756
261,Andreas Bæk,none,F,none,1535102756
262,Pia Olsen Dyhr,@PiaOlsen,F,Formand for SF,65025162
263,Cecilie Louise Balbay Holdt,none,F,none,65025162
264,Melissa_Skovgaard_Jensen,@Miss_Skovgaard,F,"Jeg har mine rødder i den Grundtvigske tanke og i den jyske muld. Som socialist og feminist tror jeg på, at vi i fællesskab skal skabe en bedre og grøn verden.",796110472114278400
265,Klaus Mygind,@Klausmygind,F,"2. Næstforperson for Københavns Borgerrepræsentation. Gruppeleder for SF. Medlem af Kultur- og Fritidsudvalget, Handicapråd, Borgerrådgiver og Revisionsudvalget",2609016221
266,Halime Oguz,@Halime9Oguz,F,"Medlem af folketinget for SF, bolig- storby, arbejdsmiljø og integrationsordfører Cand.Mag. i litteratur og Mellemøststudier halime.oguz@ft.dk",313532695
267,Line Petersen,@linepetersen95,F,,2881598866
268,Peder Holk Svendsen,@PederHolkSvends,F,"LGBTaktivist og generel busy-body, tlf 28694166",2498820090
269,Carl Valentin,none,F,none,2498820090
270,Per Nørgaard Andersen,@Bluepix3,I,,1176057384583798785
271,jo bywater,@jobywatermusic,I,"Acoustic Singer/Songwriter, Guitarist, Artist, Guitar Tutor, Philosophizer & Bulletproof coffee drinker. New album being recorded ready for 2016/17 release.",219971282
272,Christian Riegels Hjorth,@riegelshjorth,I,"Mærkesager:

1. Liberal kamp imod totalitære systemer. 
2. Erhvervslivets vilkår 
3. Reformering af den offentlige sektor.",1505860787256049665
273,Martin Sibast Laugesen,none,I,none,1505860787256049665
274,Hira Nadeem,none,I,none,1505860787256049665
275,Charlotte Nellemann,none,I,none,1505860787256049665
276,Ole Birk Olesen,@olebirkolesen,I,Medlem af Københavns Borgerrepræsentation og Folketinget for LA.,2222188479
277,Alexander Ryle,none,I,none,2222188479
278,Claus Willen,@ClausWillen,I,,1380420904094736387
279,SangHyok Bang,@DpJacob,K,,239367755
280,N. Bock,@bock_nanna,K,"mom 1st, politics 2 me 3 - Mini_Maggi on Insta & YouTube.",29539995
281,Jesper Housgaard,@JesperHousgaard,K,"KristenDemokrat, HB Køge-fan, Nørrebroborger, Købmand, kandidat til Folketinget i Københavns storkreds, Glad for alt italiensk, hundehvalpe og pepsicola.",1479388931762405376
282,Tina Mørk,none,K,none,1479388931762405376
283,Gunnar Bjørn Thomsen,none,K,none,1479388931762405376
284,Marina Anderson,@MarinaAFD,M,28. Nitromethane & hemis run my life. A/fuel Dragster builder/owner/driver. Supply chain nerd. Shameless small dog mom.,1447502743
285,Louise Davidsen,@DavidsenLouise,M,Folketingskandidat for Moderaterne,1128224528
286,Ellen Emilie,@ellenemilie_,M,EN GENERATION TIL FORSKEL,1526851846836453377
287,Nanna W. Gotfredsen,@NannaWG,M,Gadejuristen//The Street Lawyers + MF//Moderaterne//Københavns Storkreds,157290728
288,Johan Kahl,@johankahl_,M,Folketingskandidat for Moderaterne i KBH. Læser statskundskab og spiller fodbold. Kan kontaktes på tlf: 21373630.,1303966987262058496
289,jørgen kjøller,@jrgenkjller1,M,Folketingskandidat Moderaterne,1497208818475876379
290,milo,@GeorgghyLean,M,EN ALGUN LUGAR DE LOS PAISAS,1132304939991089153
291,Lars Philipsen Prahm,@LarsPrahm,M,,1530633900170657792
292,Jon Stephenson,@jgs1869,M,Guitar player for @3PillMorning. Sponsored by @PRSGuitars.,474639878
293,Kenneth K. Berth,@Kristensenberth,O,"fhv. medlem af Folketinget, kommunalbestyrelsesmedlem, folketingskandidat",2806166418
294,Helene Brix,@helenebrix,O,,60849656
295,Brian Bruun,@BrianBruun,O,,1504411109327056897
296,Jannie Bøgh,@JannieBoegh,O,,1319917817626583040
297,John Bo Hansen,@johnbohansen7,O,Folketingskandidat for Dansk Folkeparti i Kbh Storkreds.,1577710382394888197
298,Paw Karslund,none,O,none,1577710382394888197
299,Sikandar Siddique,@SikandaSIDDIQUE,Q,Former Member of Parliament (DK) Political leader of Independent Greens (Frie Grønne),966028570572271618
300,Elise Bjerkrheim,none,Q,none,966028570572271618
301,Rajesh Holmen,none,Q,none,966028570572271618
302,"Dr Rashid A Buttar, FAAPM, FACAM, FAAIM",@DrButtar,Q,Our Mission:Making the Change the World is waiting for. We've effectively treated patients from 93 countries who had been given up on. Do Right and fear NO man.,64423855
303,Sazan Garmiyani,@sazgarmiyani,Q,,1571547212777152515
304,Daniel Tomicic,none,Q,none,1571547212777152515
305,Elena Bjerregaard Ryan,none,Q,none,1571547212777152515
306,Iben Kirstine Parmann,none,Q,none,1571547212777152515
307,René Bredal,none,V,none,1571547212777152515
308,Claus Buch,@clausbuch,V,,221714014
309,Anders Fausbøll,@fausboll,V,"Managing Partner, Omnium Improvement ApS. Folketingskandidat for Venstre",24682323
310,Martin Geertsen,@Martin_Geertsen,V,"Sundhedsordfører for @venstredk! Twitter mest om børn, Brøndby If og Borgen",358597193
311,Jan E. Jørgensen,@JanEJoergensen,V,"Advokat (deponeret bestalling), Rådmand på Frederiksberg. Medlem af Folketinget for Venstre, Slotskredsen. Kulturordfører, men blander mig i meget andet.",279986859
312,Michael Lange OD,@DrMichaelLange,V,"Dr. Michael Lange is an optometrist, certified nutrition specialist,  radio personality and successful entrepreneur in the field of eye-related products.",249510394
313,Anne Rasmussen,@a_rasmussen,V,Professor @KuSamf @UiB: Lobbying | Representation | Public Opinion & Policy | Gender | Parties | Social Media | Editor @IGA_journal | PI ADVODID @ERC_Research,927628921465696258
314,Bo Sandroos,@BSandroos,V,,384189820
315,Sasha Zvereva,@SashaZvereva,V,Солнышко; мама 3-х деток; мотоциклистка.,134881347
316,Sven Aage Schlosrich,none,V,none,134881347
317,Linea Søgaard-Lidell,none,V,none,134881347
318,Søren Sørensen,@Sorenjagerpilot,V,"Ex jagerpilot, foredragsholder, underviser, lederudvikler
Instagram: @soren.sor",1406335185466052608
319,claus Gisselmann Olsen,@GisselmannClaus,Æ,,1325517742225694722
320,Therese Skaarup ,@ThereseLoves1D,Æ,Hi everyone! I looooove One Dirction x i'm directioner,603537862
321,Pelle Dragsted,@pelledragsted,Ø,Demokratisk Socialist. Medlem af Folketinget. Forfatter til Nordisk Socialisme.  Democratic Socialist. MP. Author of Nordisk Socialisme.,119879630
322,Rosa Lund,@RosaLundEl,Ø,"MF for Enhedslisten. Rets-, demokrati-, udlændinge- og integrationsordfører livet i små billeder på rosa_lund",736979161
323,Jette Gottlieb,@Jette0712,Ø,Forsikringsmægler for offentlige kunder. Gift og har to børn på 18 og 14 år. Bor på en gård i Hornsherred,2407727828
324,Leila Stockmarr,@LeilaStockmarr,Ø,Kæmper for rød-grøn forandring. Folketingskandidat for Enhedslisten. PhD i globale studier og politisk rådgiver: leila.stockmarr@ft.dk,1903277108
325,Ibrahim Benli,@ibrahimbenli_,Ø,kommunalbestyrelsesmedlem i Herlev og folketingskandidat for Enhedslisten i København Storkreds,383415830
326,Louis Jacobsen,none,Ø,none,383415830
327,Anna Maria vd Berg,@AnnaMariavdBerg,Ø,"Schrijver van de Schoonheid van dementie. Voor een andere kijk op dementie. Mens-zijn en mens blijven. Werkt bij Boswijk, Van Neynsel.",303689819
328,Clara Turms,@TurmsClara,Ø,"Feminist, socialist og folketingskandidat for Enhedslisten København.",1543958057213988864
329,Emil Samaras,none,Ø,none,1543958057213988864
330,Mette Bloch Hansen,@MetteBlocHansen,Ø,,3235311814
331,Roanne David,@RoanneDavid1,Ø,,927367620
332,Dorthe Hecht,@DortheHecht,Ø,Lokalpolitiker i Tårnby Kommune for Enhedslisten,2173764536
333,Mette Kaasfeldt Bram,@MetteBram,Å,Managing Director trying to manage a patchworklife and familiy life,984495081028714498
334,"Kim Hjerrild (Å) - FT-kandidat, tidl. BR-medlem mm",@kimhjerrild,Å,"Alternativ politiker. Finans- og økonomiordfører, FT-kandidat i KBH. Taler til FV især om: Lynetteholm, bæredygtig og cirkulær økonomi, børn og unge, demokrati",406161499
335,Birgitte Kehler Holst,@HolstKehler,Å,Politik Klima,1055209301051088896
336,Troels Chr. Jakobsen (Å),@tcjakobsen,Å,"Når vi ikke vil eje verden, kan vi leve i den.

Folketingskandidat i Kbh Storkreds - nr.2 på listen. Mindre system, mere velfærd.",14258138
337,Jan Kristoffersen (Å),@SuperSejeJanK,Å,"Spidskandidat til Europa-parlamentet - Alternativet.
Politisk rådgiver.
Medlem af Skatterådet.",47725489
338,Annika Martins,none,Å,none,47725489
339,Carsten Olesen,@CarstenOlesen,Å,,33884644
340,Lars Corvinius Olesen,none,Å,none,33884644
341,Christina Olumeko (Å),@OlumekoC,Å,"Medlem af Folketinget for Alternativet :) Politik skal virke - om den er blå, rød eller midt - er ligegyldigt Tlf:30919811 christina_olumeko@kk.dk",1324801335372488707
342,Jon Hameister-Ries,@JonHR67,Å,"from protecting qb's to families, Injured Football Player, Associate at ZLC Financial, Owner of @meanpoutine and @meatcityYVR",415323598
343,Franciska Rosenkilde,none,Å,none,415323598
344,Jan Schumann,none,Å,none,415323598
345,Noah Sturis,none,Å,none,415323598
346,Flemming Blicher,@FBlicher,UDEN,Ingeniør- og MBA-uddannet partiformand for Frihedslisten.,544228673
347,Tom Gillesberg,@TomGillesberg,UDEN,Kandidat uden for partierne i Københavns Storkreds ved fv22,3311817431
348,Mette Frederiksen,none,A,none,3311817431
349,Ane Halsboe,@AneHalsboe,A,Kulturminister og Kirkeminister. Denne profil fører jeg ikke som minister. Henvendelser kan sendes til min@kum.dk,595006074
350,Per Husted,@Perhusted,A,Medlem af Folketinget for Socialdemokraterne,118342816
351,Morten Klessen,@KlessenMorten,A,Folketingskandidat Nordjylland,1530875933783212032
352,Simon Kollerup,none,A,none,1530875933783212032
353,Bjarne Laustsen,none,A,none,1530875933783212032
354,Flemming Møller Mortensen,none,A,none,1530875933783212032
355,Rasmus Prehn,none,A,none,1530875933783212032
356,Morten Ryom,none,A,none,1530875933783212032
357,Daniel Nyboe Andersen,none,B,none,1530875933783212032
358,Bjarne Axelsen,@bjarneax,B,"Radio 101,2 FM i Brønderslev, Dansk Bordhockey Union, BHK Saksen.",2665204344
359,Christian Friis Bach,none,B,none,2665204344
360,Charlotte Amdi Burgess,@AmdiBurgess,B,"Folketingskandidat for Radikale Venstre i Nordjylland og medlem af Forretningsudvalget 
tlf: +4522555422",558132831
361,-,@pia_alberg,B,,1204399638465396737
362,Steffen Holme Helledie,none,B,none,1204399638465396737
363,Julius Bjørn Honoré,@BjHonore,B,"Politics, music, stocks",1360621636504977414
364,Dorthe Kerschus,none,B,none,1360621636504977414
365,Lene Burchardt,none,C,none,1360621636504977414
366,Mikkel Højsleth,@mikkelhojsleth,C,,2159937002
367,Lene Brix Kjelgaard Jensen,none,C,none,2159937002
368,Mette Jensen,@MetteJensen02,C,,907628796056145920
369,Jens-Henrik Kirk,@jenshenrikkirk,C,Folketingskandidat Nordjyllands storkreds,2974452425
370,alexander klitgaard,@KlitgaardMax215,C,,2498621229
371,Per Larsen,@PerLarsenC,C,"MF, sundhedsordfører for @konservativeDK",1171424757104820225
372,Jakob Axel Nielsen,@JakobAxel67,C,Konservativ folketingskandidat. Tidligere MF og minister. Tweeter om politik og samfund.,1517064258118373376
373,Karsten Skov Petersen,none,C,none,1517064258118373376
374,miatang,@Miamiamia0103,C,Student at Carnegie Mellon studying CS + Design / comics on computer graphics topics (she/her),897158164444921856
375,Kim Edberg Andersen,@kedbergandersen,D,"Folketingskandidat i Nordjylland. Manglede kun 200 stemmer i 2019. Det kommer ikke til at ske igen. Stærke holdninger om dyr, ældre, nedslidning.
Tlf: 21830531",783935815600799744
376,John Bjerg,@BjergJohn,D,,1027726312566398976
377,Brian Nielsen,none,D,none,1027726312566398976
378,Sysser Nørholm,@Sysser44,D,,2584598659
379,Lars Rem,@LarsRem,D,Sælger FidMe Stempelkort. Vinguide,2691707550
380,Melina Andersen,@MelinaAndersen1,F,,1373663401013035014
381,Theresa Berg Andersen,@BergBergtheresa,F,,2479212695
382,Lasse Hjorthøj Jensen,none,F,none,2479212695
383,Benjamin Jørgensen,none,F,none,2479212695
384,Henning Jørgensen,@HenningJrgense5,F,"photo, landscapes, denmark.",873651181
385,Thomas Kjeldsen,@trkjeldsen,F,"Civil engineer, hydrologist",804982301843193857
386,Peder Larsen,none,F,none,804982301843193857
387,dorte nielsen,@dorte_m,F,,562273194
388,Thorkil Olesen,none,F,none,562273194
389,Martin Bech,@MartinNbech,I,"Vendelbo - kæmper forholdsvist utrætteligt for frihed og mod formynderi. Byrådsmedlem og folketingskandidat (LA), formand for @denfrieforbrug1",2809686131
390,HP Beck,none,I,none,2809686131
391,Kenneth Skatka Hammer,none,I,none,2809686131
392,Victor Horsted,@Hoarsted,I,,835168442340818944
393,Sólbjørg Jakobsen,@solbjorgLA,I,MF - Liberal Alliance Nordjylland. Mor til 2. Kæreste til 1. Cand.jur.,1548641745264644099
394,Jonas Bjørn Jensen,@Jonasbjorn,I,"Socialdemokrat på Københavns Rådhus. Kæmper for en by med plads til alle. Elsker byen, cykler, solskin og liv. Fanges på 24692835",27630129
395,Agnethe Benedikt Mørch,none,I,none,27630129
396,Bo Ritterbusch,none,I,none,27630129
397,Hans-Henning Terp-Hansen,@TerpHansen,I,,969562162766196737
398,Michel Thrysøe,@MichelThrysoee,I,,855966132
399,Ronny Van Tieu,none,I,none,855966132
400,Jørgen Bjerregaard,@CertexJBJ,K,Enjoy life 100%,1157745782
401,Karlo Brondbjerg,none,K,none,1157745782
402,Britta Eckhardt,@EckhardtBritta,K,,1086614375300063233
403,Anne-Marie Jørgensen,@AnneMarieJrgen5,K,Noget særligt.. Hmm,1086614154268553216
404,Peter Scheinman,@ImScheinin,K,,844515152
405,Kristian Klarskov,@KKlarskov,M,"Politisk reporter, Politiken.",497778559
406,Dina Mofidi,none,M,none,497778559
407,Rikke M Pedersen,@Rikkemp89,M,Professional swimmer. World record holder in 200m breaststroke. Olympic medalist. On my journey for 2020 Olympics.,1614772051
408,Mohammad Rona,@mohammad_rona,M,Opvokset på Vestegnen og bosat i Aalborg - medlem af integrationsrådet i Aalborg kommune & 1.suppleant til Folketinget for Moderaterne,1378959015506481153
409,Carsten Ullmann Andersen,none,O,none,1378959015506481153
410,Nana Harring,none,O,none,1378959015506481153
411,per michael hauritz,@hauritz3,O,,2666897563
412,Christian Langballe,@minilangballe,O,,479392561
413,Kasper Sørmer-Sørensen,none,O,none,479392561
414,"Susanne Zimmer, Q",@Susanne_Zimmer_,Q,"Medlem af ""Frie Grønne - Danmark nye venstrefløjsparti"", Q",1858224865
415,Esra Ocak,none,Q,none,1858224865
416,Ayan Farah,none,Q,none,1858224865
417,Marie Bjerre,none,V,none,1858224865
418,Henrik Buchhave,@BuchhaveHenrik,V,"Folketingskandidat for Venstre i Mariagerfjord kredsen. Hovedbestyrelsesmedlem i Kræftens Bekæmpelse. Synsinspektør, tømrer, hobbyland - og skovmand.",3198071303
419,Mette Hardam Hill,@Mettehh,V,,25664307
420,Preben Bang Henriksen,none,V,none,25664307
421,Anita Vivi Lilholt,@AnitaHolt14,V,,1556605922
422,Torsten Schack,@Torstenschack,V,MF(V) Tlf. 61624260.,168644257
423,Phillip Sperling,@PhilSperling,V,"Danish Medical student with interests in health policy, medical education and outdoor living.",822751808749703168
424,Maja Torp,none,V,none,822751808749703168
425,Anne Honoré Østergaard,@AnneStergaa,V,"Medlem af Folketinget, Ordfører for afbureaukratisering og arbejdsmiljø, forbrugerordfører @venstredk. Kan fanges på 61623302",1211160560
426,Lise Bech,none,Æ,none,1211160560
427,kristian bøgsted,@Kristianbogsted,Æ,,2338650717
428,Peter Lindhout,@PLindhoutTravel,Æ,"Peter Lindhout uw Persoonlijk Reisadviseur via The Travel Club, voor maatwerk reizen over de hele wereld, service aan huis! Bel/mail Peter in Hoofddorp/Leiden.",2224390788
429,Inger Støjberg (Not),@SubstansInger,Æ,Danmarks værdiordfører. Jeg beskæftiger mig kun med de vigtigste politiske emne - især hvis de handler om muslimer. Følg mig for populistiske citater (Parodi),2340601368
430,Peder Hvelplund,@pederhvelplund,Ø,"MF for Enhedslisten. Gruppeformand, Sundhedsordfører, Naturordfører, Miljøordfører, Grøn omstillingsordfører. elpehv@ft.dk 61623231",803908516335550464
431,Astrid Vang Hansen,@Astrid_Vang,Ø,,1413312788
432,Susanne Flydtkjær,@Sflydtkjaer,Ø,,1540626547450724353
433,Runa Friis Hansen,@RunaFriis,Ø,,2833682153
434,Berit Raldin,none,Ø,none,2833682153
435,Malene Ingwersen,none,Ø,none,2833682153
436,Stine Ry Andersen,none,Ø,none,2833682153
437,Pia Thorsen,@pia_thorsen,Ø,Aktiv i Enhedslisten i kampen for solidaritet og lighed,1319513207271292929
438,Janne Toft-Lind,none,Ø,none,1319513207271292929
439,Nicklas Gjedsig - Alternativet,@protein_of,Å,Folketingskandidat for Alternativet i Nordjylland - Jeg kæmper for det bæredygtige samfund,1467446546161676295
440,Jens Harder,@jharder,Å,Loves all things web. And pizza. // Sr. Director Professional Services EMEA @Sitecore // Views my own.,7813592
441,Mark Andrew Jewkes,none,Å,none,7813592
442,Joachim P. Kjeldsen,@plaetner,Å,"Far, økolog, humanist, journalist.",60529791
443,Mikkel Høj Bagger Larsson,@MhbLarsson,Å,"Forperson @AlternativeUnge, Folketingskandidat @Alternativet_ i Nordjylland,  Studerer Pol.Adm på AAU",1011929981587423233
444,Liselotte Jakobe Lundgaard,@JakobeLiselotte,Å,,1548612160519012355
445,Theresa Scavenius,@TScavenius,Å,"PhD, associate professor, researcher in climate politics and democracy, Aalborg University Copenhagen. Kandidat for Alternativet. theresascavenius@gmail.com",784608294
446,jef seistrup,@JefSeistrup,Å,"politisk engageret, primært med fokus på social retfærdighed, udligning af de alt for store forskelle fra top til bund i vores samfund og på klimakampen.",1548609691269439488
447,Anette Jensen Smith,@Ajsecobranding,Å,Business,524181167
448,Gustav Sieg Sørensen,none,Å,none,524181167
449,Clara Wolf,none,Å,none,524181167
450,Jette Møller,@jettemoller,UDEN,formand for SOS mod Racisme,44094277
451,Fie Hækkerup,@FieHaekkerup,A,Folketingskandidat for Socialdemokratiet i Hillerødkredsen og formand-emerita i @fritforum.,999591794919858176
452,Miki Dam Larsen,@miki_dam,A,,1485053579887058946
453,Beth Menke,@BethanyLouise_2,A,,497695214
454,Henrik møller,@Henrikm86712011,A,"MF for Socialdemokratiet. Boligordfører, Turismeordfører og medlem af Nordisk Råd. tlf. 61625975",1314833485874499584
455,Matilde Powers,none,A,none,1314833485874499584
456,Rasmus Stoklund,none,A,none,1314833485874499584
457,Christian Holm Donatzky,none,B,none,1314833485874499584
458,Tine Hessner,none,B,none,1314833485874499584
459,Martin Lidegaard,@martinlidegaard,B,Gruppeformand og politisk leder for Radikale Venstre,1070745218
460,Jacob Netteberg,@JacobNetteberg,B,Byrådsmedlem i Rudersdal og Folketingskandidat for Radikale Venstre i Nordsjælland. Twitter er bevis: Danskerne kommer i mange modeller.,805036928
461,Maria Nielsen ,@MariaKatarina95,B,,2515969040
462,Christina Thorholm,none,B,none,2515969040
463,Mette Abildgaard,@metteabildgaard,C,"Så Konservativ at det gør noget. Politisk ordfører, ældreordfører og statsrevisor. Fang mig på sms: 61624642",37877392
464,Birgitte Bergman,@BirgitteBergman,C,fhv. medlem af Folketinget (K). Kontaktes på 23452830,913151376334688256
465,Nikolaj Frederiksen,@NikolajBlueeyes,C,,3310754722
466,Emma Juul Hansen,none,C,none,3310754722
467,Egil Hulgaard,@EHulgaard,C,MF og Bolig- og miljøordfører for @konservativedk.,1309048146060881922
468,Christoffer Buster Reinhardt,none,C,none,1309048146060881922
469,Niels Martin Viuff,none,C,none,1309048146060881922
470,Claus Bruncke,none,D,none,1309048146060881922
471,søren højbjerg,@hojbjerg16,D,,878181793
472,Per Olsen,none,D,none,878181793
473,Søren Regenberg,@SorenRegenberg,D,"Folketingskandidat for Nye Borgerlige i Nordsjælland

Bare aldrig mene noget,
som de andre ikke mener,
Altid ryggen fri,
Og hånden klar til stening”. Citat PH",762026463570919424
474,Mette Thiesen,none,D,none,762026463570919424
475,Carsten Winther,@CarstenwinNB,D,,1540741793209323520
476,Marianne Bigum,@BigumMarianne,F,"FT-medlem for SF i Nordsjælland, Ingeniør, Mor til 3, medlem af SFs Landsledelse, 33374413",950258358874984449
477,Silje Brynildsen,@BrynildsenSilje,F,:-),1266431347398193153
478,Jens Skov Thomsen,@jensskovthomsen,F,,165709991
479,Stefan B. Skrubbeltrang,none,F,none,165709991
480,Marianne Stannum,none,F,none,165709991
481,Peter Westermann,none,F,none,165709991
482,Kim Bjoernstrup,@KimBjoernstrup,I,Writer of political novels and articles. Management carrier in the pharmaceutical industry. Lived in Switzerland for 21 years now Denmark.,913842015338713089
483,Kira Danholm,@KiraDanholm,I,,764887756480839680
484,Steffen W. Frølund,@SteffenFrolund,I,Member of Parliament @liberalalliance. CMO @Greenmobilityas. Investor. Former columnist @finansdk. Former MD @Rainmaking_io. Former Founder & CEO of Bownty.,33859175
485,Lars Høyer Holmqvist,@LarsHolmqvist,I,Kandidat for Liberal Alliance i Nordsjællands Storkreds,517391068
486,Robert Mörk,@Morkmrk,I,,709034088
487,Marianne Damgaard Porsborg,@porsborgstrik,I,"Tweets på dansk om strikdesign, håndarbejde, uddannelse/pædagogik, have og politik...",3252564526
488,Steffen Sjørslev,@Sjorslev_,I,"Bestyrelsesmedlem Konservative Studerende KU
Kampagneformand Liberal Alliances Ungdom
Folketingskandidat Liberal Alliance",2517049638
489,Josephine Svane,@josephine_svane,I,Folketingskandidat(LA). Kontakt: 24974038,1496124680301854722
490,Henrik Forsberg,@forsberg_dev,K,iOS and Swift developer. Husband. Father. Runner. AFOL. Consumer of all science fiction on Netflix.,54868848
491,Stig Grenov,@StigGrenov,K,"Fhv. formand for KristenDemokraterne,
Bestyrelsesmedlem KD Nordsjælland 
Lærer med over 30 års erfaring
Fhv. tillidsrepræsentant FSL",1355260844
492,Britta Kristensen,@BrittaKristens7,K,Folketingskandidat for Kristendemokraterne,1086617901036122112
493,Kurt Pedersen,none,K,none,1086617901036122112
494,Eva Skade Rasmussen,none,K,none,1086617901036122112
495,Jakob Engel-Schmidt,none,M,none,1086617901036122112
496,Kim Mejnert Frydensbjerg,@km_frydensbjerg,M,"Folketingskandidat for Moderaterne. Optaget af by og land, respekt, uddannelse, idræt og fællesskab. Tlf: 24633772",834490250319822854
497,Ulf Helgstrand,none,M,none,834490250319822854
498,Kim Leine Rasmussen,@LeineKim,M,Danish author of historical and contemporary novels with colonial and postcolonial Greenland as a special interest.,1064251107281723393
499,Carina Bloch Simonsen,@bloch_simonsen,M,1. suppleant til Folketinget i Nordsjælland for Moderaterne.  Udviklingssygeplejerske og cand.soc i sundhedsfremme og sundhedsstrategier & virksomhedsstudier.,1528027878528524292
500,Erick Thürmer,@erick_thurmer,M,Chief Executive Officer,1475915752028913676
501,Pia Adelsteen,@PAdelsteen,O,Folketingsmedlem for DF. Miljøordfører og formand for Miljø- og Fødevareudvalget. Valgt i Egedalkredsen.,821103998
502,Brian Lyck Jørgensen,@Brianlyck,O,,2962686832
503,gert løfgren Dansk folkeparti,@gelp0810,O,Gert Løfgren DF,386451913
504,Birgitte Milling,@Birgitte1234,O,"Dansk Folkeparti. Danmark først. Vores ældre skal passes på og vores unge, vokse op i et land, med tradition, religion og visioner.",2595166207
505,Christian Sødergren,none,O,none,2595166207
506,Lars Oskan-Henriksen,none,Q,none,2595166207
507,Clara Rebecca Švarc,@clarareb_svarc,Q,,1581545332109987840
508,Hans Andersen,none,V,none,1581545332109987840
509,Jørgen Eirfeldt,none,V,none,1581545332109987840
510,Elong Musc Not Paradoy (Parado/ey),@Tom_Pan_Ico,V,"Esports Professor, Gamer Designer, Plastic Crack Addict, Wannabe Artist, Crab Life. He/Him",304075199
511,Mette Lene Jensen,none,V,none,304075199
512,Marianne Lynghøj,@MLynghj,V,"Partner hos Ulveman & Børsting, cand.scient.pol, MBA studerende. Optimist by choice, nerd by nature, social by heart.",1499241492
513,Sophie Løhde,none,V,none,1499241492
514,Lars Bregnbak,@LBregnbak,Æ,,4217936368
515,Marlene Harpsøe,none,Æ,none,4217936368
516,Lars Ole Skovgaard Larsen,none,Æ,none,4217936368
517,Sinem Demir,none,Ø,none,4217936368
518,Øjvind Vilsholm,none,Ø,none,4217936368
519,Thue lundgaard,@ThueLundgaard,Ø,udvalgsformand for udvalget for ældre sundhed og forebyggelse i halsnæs kommune. medlem af KLs sundheds og ældreudvalg. byrådsmedlem i Halsnæs for Enhedslisten,1562104824035958784
520,Anne Hagel,@annehagel,Ø,"Brand Marketing Manager, muy digital. Todos los días un comienzo, una nueva idea, un aprendizaje.",1020128563
521,Emil Ulrik Andersen,none,Ø,none,1020128563
522,Christoffer Emil Jexen,none,Ø,none,1020128563
523,Helene Liliendahl Brydensholt,none,Å,none,1020128563
524,Sidsel Dyekjær,@r_sidsel,Å,,1192787655504912384
525,Morten,@mortenroyale,Å,Professional @ClashRoyale Player & Content Creator for @SKGaming!  Business: mortenroyale.business@gmail.com,801063518309142528
526,Nicklas Hakmann (han/ham),@NHakmann,Å,"Tweeter på din regning og lomme filosof med hul i lommen.
P.s. er ordblind",489590778
527,Nanna Høyrup,none,Å,none,489590778
528,Mette Møller Jeppesen,@mm_jeppesen,Å,Strategisk Rådgiver på uddannelse på AAU og Forsker i STEM.,1306125434262892546
529,Mariane Lunden Jacob,@mamaluja,Å,,2914209741
530,Maud Margrethe Pedersen,none,Å,none,2914209741
531,Mette Skamris,none,Å,none,2914209741
532,Allon Hein Sørensen,none,Å,none,2914209741
533,Katjalivah Elleyhansen,none,UDEN,none,2914209741
534,Jayseth Lotus Arrose Simonysano,@simonysano,UDEN,Åbenhed Ærlighed Kærlighed,1468466767588700161
535,Kaare Dybvad Bek,none,A,none,1468466767588700161
536,Brian Bressendorff,@bressendorff,A,Folketingsmedlem for Socialdemokratiet i Vordingborgkredsen.,905094648
537,Frederik Enevoldsen,none,A,none,905094648
538,Mette Gjerskov,none,A,none,905094648
539,Magnus Heunicke,none,A,none,905094648
540,Thorkild Holmboe-Hay,@HolmboeHay,A,"Socialdemokratisk Folketingskandidat på Lolland-Falster opstillet i Sjællands Storkreds af Socialdemokratiet, Guldborgsundkredsen",1571271728
541,Jeppe Kofod,none,A,none,1571271728
542,Astrid Krag,none,A,none,1571271728
543,Rasmus Horn Langhoff,@rasmushorn,A,"Historiker, folketingsmedlem, sundhedsordfører for S",38429769
544,Tanja Larsson,@LarssonTanja,A,"Medlem af Folketinget, Socialdemokratiet, boligordfører + ordfører for Færøerne samt fri- og efterskoler",1014645641643995136
545,Kasper Roug,@KasperRoug,A,"Medlem af Folketinget for socialdemokratiet Valgt på Lolland Ordfører for Uddannelse, Grønland, Fiskeri, tele/ it. og er Veteran",1359921241172422663
546,Frederik Vad,@Frede_Vad,A,Folketingsmedlem for S | Udviklingsansvarlig hos TAMU | Forbundsformand for DSU 2017-2022. Tlf.: 22418734 fvn@tamu.dk,2780637917
547,Hikmet Altun,@hikmetaltun2133,B,,778002421897433088
548,Troels Brandt,@troelsbrandt1,B,Radikal folketingskandidat i Sjællands Storkreds og byrådsmedlem i Slagelse Kommune. Forstander v. Karise Efterskole PD i ledelse og Master fra RUC.,374672361
549,Anne Sophie Callesen,@FrkCallesen,B,"Forhenværende for @radikale. Stadig vild med EU, international solidaritet og grænseløs tilhænger af frihed og menneskerettigheder.",3715310535
550,Line Krogh Lay,@LineKLay,B,"Byrådsmedlem og folketingskandidat. Fuldt leveringsdygtig i skarpe holdninger, og tweeter mest om radikal politik.",79798008
551,Lukas Lunøe,@LukasLunoe,B,@radikale’s unge FT-kandidat på Sjælland. Fhv. landsformand @radikalungdom Mail: lukaslunoe@gmail.com Telefon: 53586867,1336133174
552,Zenia Stampe,@zeniastampe,B,"Medlem af Folketinget for Radikale Venstre. Ordfører for kultur, medier, miljø og landbrug.",360234529
553,Kristian Stokholm,@kstokholm,B,Presserådgiver hos de radikale. Kan fanges på 61 62 53 63 / kristian.stokholm@ft.dk,874166718
554,Jeppe Trolle,@JeppeT,B,"39years old, 3 kids, academic officer in the Danish Ministry of Finance (økonomistyrelsen) scuba diving instructor, interested in politics and philosophy",22840096
555,Edris Qasimi,@EdrisQasimi,B,Praktikant hos Radikale Venstre,1688219502
556,Mads C. Andersen,none,C,none,1688219502
557,Claus Dyremose,@ClausDyremose,C,,1269643134
558,Brigitte K. Jerkel,@JerkelK,C,Medlem af Folketinget for Konservative. Medlem af Greve Byråd. Bestyrelsesmedlem i Dansk Automobil Sports Union. Medlem af FIA-Women in motorsport Commission.,2600310521
559,Andreas F Karlsen,@Badbompy,C,"poker player, event prosjektet manager. security manager",198484901
560,Annette Juhler Kjær,@annettejuhlers,C,,1395576150
561,Rune Kristensen,none,C,none,1395576150
562,Camillo Krog,@camillo_krog,C,,1134874847895535617
563,Stine Pilt Olsen,none,C,none,1134874847895535617
564,Helle Laursen Petersen,@frupetersen,C,Konservativ regionspolitiker i Region Sjælland og Folketingskandidat Sjællands Storkreds,42708285
565,Regitze Harslund Sancoeur,@sancoeur,C,"Folketingskandidat for Det Konservative Folkeparti i Faxe-Stevns kredsen.
Byrådsmedlem for Det Konservative Folkeparti i Næstved Kommune 2022-2025.",1667148151
566,Mads Silberg,@silberg_mads,C,"Forhenværende professionel soldat og officer, folketingskandidat, byrådsmedlem, konservativ politiker, debattør, rådgiver og die-hard fan af Gudeholdet (C).",1364057593
567,Jacob A.G. Stryhn,@a_stryhn,C,,1497492499190984705
568,Claus Bedemann,none,D,none,1497492499190984705
569,Peter Seier Christensen,@peter_seier,D,"Medstifter af og politisk næstformand for Nye Borgerlige.
Folketingsmedlem valgt i Sjællands Storkreds.
Civilingeniør (kemi), ph.d.",1015524717040631808
570,Henriette Ergemann,@HErgemann,D,,1347145375883399181
571,Ulrik Nick Lassen,none,D,none,1347145375883399181
572,Githa Nelander,@GithaNelander,D,"Folketingskandidat for DF i København, Byrådsmedlem i Næstved, Medlem af KKR og Vækstforum Sjælland. Sales Manager, Ledelses- og organisationsudvikling i Falck",1160217654
573,Tonny Voldby Pedersen,none,D,none,1160217654
574,Jan Bigum Warming,@janbigumwarming,D,,2458541839
575,Jeanne Rygas Bergmansen,none,F,none,2458541839
576,Anne Valentina Berthelsen,none,F,none,2458541839
577,Astrid Carøe,@AstridCaroee,F,"Folketingsmedlem for Socialistisk Folkeparti. Ordfører for uddannelse og forskning, samt ligestilling og LGBT+. Kontakt: 61 62 30 61 og astrid.caroe@ft.dk.",2931793769
578,Mike Graakjær Jensen,@Das_Gekko,F,,3428502105
579,Gitte K. Henriksen,@JaneeHurst2,F,Argentina Biomedicin Børn Citatr Español Familie Friluftsliv Journalistik Kultur Mad Mennesker Musik Rejser SDUTeater TV Undervisning Viden,1516114944
580,Claus Joergensen,@ClausJor,F,"Principal Program Manager at Microsoft Corporation, working on High-Performance Cloud and HPC storage.",371642760
581,Jacob Mark,none,F,none,371642760
582,Mads Olsen,none,F,none,371642760
583,kenneth werby jensen,@werby91,F,,1031148338
584,Louie Andersen,none,I,none,1031148338
585,Lars-Christian Brask,none,I,none,1031148338
586,Frederik Grünfeld,@FHG1996,I,"Folketingskandidat for Liberal Alliance på Sjælland. I øvrigt vild med biler, mad og vin.",759732318
587,Sander P. Larsen,none,I,none,759732318
588,Joachim Riis-Bernickow,@riisbernickow,I,"Folketingskandidat for Liberal Alliance, Master Certified Motivator, Country Sales Manager, Kommunikator, Ægtemand, Far, Moderne Frihedskæmper og livsnyder.",1559837666069385221
589,Nicolai Sandager,@NSA42,I,Candidate to the Danish Parliament for Liberal Alliance. Besides that some people actually enjoys listning to me sing!,21851495
590,Sandra Elisabeth Skalvig,@xSkalvig,I,"Folketingsmedlem for Liberal Alliance, Sjællands Storkreds",901484475305144321
591,Flemming V. Sørensen,@loeweman12,I,"IT Architect interested in Danish politics and green transport, especially EVs. My only car is a Tesla Model 3.",832271199782727680
592,Henrik Thomsen,@HenrikThomsen18,I,Åbenhed - Ærlighed - Integritet,1297028536289701888
593,Nikolai vester,@Nikolaivester1,I,,1492131196989546501
594,Thomas Vesth,@ThomasVesth,I,Folketingskandidat for Liberal Alliance i Sjællands storkreds.,3193621901
595,karrigan,@karriganCSGO,K,Professional CS:GO player for @FaZeClan - MSc in BA and Auditing. Business enquiries: karrigan@forevr.gg,1417678880
596,eva guldfred,@guldfred,K,Formand for KD Køge Bugt. Kæmper for de svage i samfundet .,2438097268
597,John Haugegaard,@john_haugegaard,K,"Specialized swine vet. Chair at swine section, Danish Veterinary Association. Views are private. Employed at MSD Animal Health. KD’er.",921084964850028545
598,Per Kristensen,none,K,none,921084964850028545
599,Tage Sørensen,@tasren1,K,,716189686067249153
600,Mads Lund Beier,@Mads_Lund_Beier,M,,1571495635362127872
601,Jan Carlsen,@JanCarlsen,M,,91978170
602,Mike Villa Fonseca,@VillaFonseca,M,Jeg bruger ikke twitter på nuværende tidspunkt,1220842704
603,Charlotte Bagge Hansen,@charlotte_bagge,M,Folketingskandidat for Moderaterne,1538850298332160002
604,Michael Hertz,none,M,none,1538850298332160002
605,Benjamin Lindberg,@BenjaminLindbe1,M,Gamer Swedish and still in School,1732759194
606,Lucas Olsgaard,@LucasOlsgaard,M,"Jeg har engang spist en hel citronmåne fra dancake på ingen tid, og så er jeg en 20 årige folketingskandidat for Moderaterne - jeg er mest stolt af det sidste.",1536368594271014912
607,Ewan O'Nell,none,M,none,1536368594271014912
608,Lars Løkke Rasmussen,@larsloekke,M,"MF, tidligere statsminister, leder af Moderaterne, stifter af LøkkeFonden, initiativtager til Det Politiske Mødested",26201346
609,Anders Ladegaard Bork,@AndersLadegaar1,O,,2412215869
610,René Christensen,@RenChristensen5,O,"Portugal traveller.
Nature. 
Be good/nice

All pictures are photographed with my cellphone.

Do things that makes You happy.
No DM. I block You. 
Working nights",1156087137407787008
611,Lars Damgaard,none,O,none,1156087137407787008
612,Claus Engskov,@662e5f318af2467,O,,3304899141
613,Kim Errebo,@KerreboKim,O,,726368057220861952
614,Simon Hampe,@SimonHampe,O,"Byrådsgemal, marketingmand og folketingskandidat for Dansk Folkeparti",828998874
615,Kim Malmberg Hansen,none,O,none,828998874
616,Thomas Lund Hansen,@ThomasLund71,O,Journalist. Søren Brostrøm lookalike. Klapper på 1 og 3. Holder stædigt fast i NemID. Alle synspunkter er @JyllandsPosten's - ikke mine.,390628756
617,Jan Hemberg Herskov,@HerskovJan,O,,4083759141
618,Pia Kjærsgaard,none,O,none,4083759141
619,Merete Dea Larsen,@dea_merete,O,,2966558757
620,df john Vind,@VindJohn,O,,1496377597260873739
621,Yadvinder Singh,none,Q,none,1496377597260873739
622,jasmin kaur ,@jusmunkaur,Q,Author of When You Ask Me Where I'm Going             + If I Tell You The Truth (out now!) / IG: @jusmun     (she/her),824458089373933569
623,Ahmet Üzümcü,@casanowaa,Q,I will come back for you !,188633585
624,Xenia Anderson,@xeniaanderson01,Q,"Kunstner, Aktivist, RUC’er Mail: xeniaanderson01@gmail.com",1141288105263206405
625,Charlotte Bisserup Bechfeldt,none,V,none,1141288105263206405
626,Morten Dahlin,none,V,none,1141288105263206405
627,Marcus Danielsson,none,V,none,1141288105263206405
628,Louise Schack Elholm,@LouiseElholm,V,Medlem af Folketinget for Venstre. Er Venstres skatteordfører. Bor til dagligt i Sorø sammen med @Torstenschack og vores to børn. Tlf 6162 4180,233962696
629,Malene Grandjean,@GrandjeaMalene,V,"Vicedirektør Nordvestsjællands Erhvervs- og Gymnasieuddannelser, Folketingskandidat (V) Sjællands Storkreds og bestyrelsesmedlem i en række bestyrelser",1390171478004486150
630,Rasmus Hylleberg,@hylle87,V,"Chefredaktør hos K-News, Karnovs online nyhedsmagasin - tweeter på egne vegne. Mest om jura, men også lidt om klima og fodbold.",489469868
631,Jakob Ellemann-Jensen,@JakobEllemann,V,"Formand for @venstredk. Far, ægtemand, liberal.",155584627
632,"Stén Knuth, Idrætsordfører Venstre",@Sten_Knuth,V,"Tidligere Folketingsmedlem for Venstre, Danmarks Liberale parti. Folketingskandidat i Slagelse kredsen, Sjællands Storkreds.",36741289
633,Kenneth K. Berth,none,V,none,2806166418
634,Iben Krog,@ibenkr2,V,"Folketingskandidat for Venstre, Sjællands Storkreds. 
Emner: Fødevarer, land og by, bæredygtighed, kultur 
Kontakt: iben@folketinget.nu / +45 22 48 35 11",3612786736
635,Jacob Panton,@Jacob_Panton,V,,875459808362586112
636,Ditte Rust,none,V,none,875459808362586112
637,Susie Jessen,@SusieJessen,Æ,Folketingsmedlem for Danmarksdemokraterne.,2811280243
638,Sebastian Mylsted-Schenstrøm,none,Æ,none,2811280243
639,Peter Skaarup,@skaarup_peter,Æ,"Medlem af Folketinget og Gruppeformand for Danmarksdemokraterne. Jeg tweeter mest om politik, men der kan måske også komme lidt om fodbold. peter.skaarup@ft.dk",3144074691
640,Christian Wibholm,@Chr_Wibholm,Æ,,1568000711434149892
641,Trine Pertou Mach,none,Ø,none,1568000711434149892
642,Christine Lundgaard,@Chris_Lundgaard,Ø,,1554382298824560641
643,Ludmila Plenge Schütt,none,Ø,none,1554382298824560641
644,Bruno Jerup,@BrunoJerup,Ø,,2456947186
645,Jonas Paludan,@jonas_paludan,Ø,,1496834235335950339
646,Anders Ladegaard Marchsteiner,none,Ø,none,1496834235335950339
647,Christian Tastrup,@ctastrup1,Ø,,3788729542
648,Birgit Gedionsen,@BGedionsen,Ø,,1366852472652894213
649,Otto Mortensen,@OttoMortensen,Ø,.,1018930639775596544
650,Miralem Garagic,none,Ø,none,1018930639775596544
651,Jan Allan Andersen,@JanAllanAnders2,Å,,1579083556550283264
652,Sascha Faxe,@saschafaxe,Å,"Folketingsmedlem for Alternativet, kontakt: sascha.faxe@ft.dk",2260619788
653,Line Gessø,none,Å,none,2260619788
654,Kirsten Kock,none,Å,none,2260619788
655,Michael Monberg - Alternativet,@mmonberg,Å,"Håbefuld idealist. Kandidat og dyrerettighedsordfører for Alternativet. Jeg ved at vi kan skabe en bedre fremtid for alle på denne planet.
Mob. 36 99 24 00",42021456
656,Ulla Munksgaard,@UMunksgaard,Å,Alternativets folketingskandidat,1053255714104377345
657,Katrine Ida Olsson,@KatrineIdaOlss1,Å,Jeg blev veganer af mange omveje og uddanner mig nu til jordbrugsteknolog. Jeg stiller op til byrådet i Slagelse for at skabe en bæredygtig by med mere natur,1371080363620057090
658,Liselotte Katarina Rotfeld,none,Å,none,1371080363620057090
659,Jakob Schmidt,none,Å,none,1371080363620057090
660,Lisa Sofia Larsson,@Sofialisa,UDEN,,21496729
661,Rasmus Paludan,none,UDEN,none,21496729
662,Niels Ole Beck,@ole_beck,A,,2296204001
663,Tommi Christensen,none,A,none,2296204001
664,Benny Engelbrecht,none,A,none,2296204001
665,Kim Eskesen,@kimeskesen1,A,,2552186922
666,Barbara Krarup Hansen,none,A,none,2552186922
667,Theis Kylling Hommeltoft,@hommeltoft,A,"Far til fire skønne vilde drenge, gift og sønderjyde... Folketingskandidat i Aabenraa og kandidat til KV21 for Socialdemokratiet.",1071715851911467008
668,Anders Kronborg,@AndersKronborg,A,"MF, Socialdemokratiet. Formand for Folketingets Børne & Undervisningsudvalg. Bor, lever og valgt i Esbjerg Bykreds. fødevare-, dyrevelfærd- og turismeordfører.",77326204
669,Sussi Bjørn Laursen,@SussiBL,A,,698244364145946624
670,Chr Rabjerg Madsen,@RabjergMadsen,A,Indenrigs- og boligminister,2173972657
671,Jesper Petersen,@Jesper_Pet,A,MF (S). Minister for uddannelse og forskning. Profilen føres ikke som minister. Mail: min@ufm.dk,1495154216
672,Kris Jensen Skriver,none,A,none,1495154216
673,Jens Jonatan Steen,@jensjsteen,A,Politik og Udviklingschef for Socialdemokratiet | jens.steen@ft.dk | 61623281,2461446978
674,Birgitte Vind,@birgitte_vind,A,"Ivrig socialdemokrat, MF valgt i Sydjylland. Indenrigs-, Kommunal og Ældreordfører. Super fighter for børn og unges trivsel. Bekæmper ensomhed for alle aldre.",556304517
675,,@AnneMarie,B,Give me cake and crisps and Malibu and crumpets.,339755472
676,Ole Lynggaard Jørgensen,@lynggaard_j,B,"Grønt, vådt og blåt.",1335641880982384640
677,Bjarne Lastein,@aviatorlastein,B,Aviator & politiker,603054937
678,Finn Hartvig Nielsen,@FinnNielsen,B,"Saving the world a tweet at a time your everyday kværulant, sydjysk FT-kandidat, fynsk EP-kandidat for @Radikale og gymnasielærer. Formand for @eubevfyn",21852065
679,Lasse Skov Ovesen,none,B,none,21852065
680,Lotte Rod,none,B,none,21852065
681,Dr. Nils Sjöberg (Taylor’s Version),@sergiobyrd13,B,"it’s me, hi. i am the problem it’s me",260615246
682,@rgdd@mastodon.social (Rasmus Dahlberg),@__rgdd,C,"He/him. PhD student @kaucs. Software engineer @mullvadnet. Core member @torproject. Passionate about transparency logs, anonymity networks, and Linux.",4860384754
683,Jesper Højmark Esbensen,none,C,none,4860384754
684,Niels Flemming Hansen,@NielsFlemming01,C,MF beskæftigelses- og transportordfører for @KonservativeDK,313541479
685,Sune Steffen Hansen,@sune_steffen,C,"Politisk data dude, Partner i Rud P, podcastvært på Pollster - en faktabaseret podcast om politik. Far til to, mand til en. Glad for byens hold.",933724433969270784
686,Steen Holm Iversen,@steenHiversen,C,"Officer, Veteran, Debattør, Politiker, Medlem af Varde byråd for Det Konservative Folkeparti - Blokere anonyme profiler.",2554415384
687,Birgitte Klippert,@Klippertconsult,C,,67868147
688,Dan Foss Kragh,@kongendk1,C,,917445620
689,Rasmus Elkjær Larsen,none,C,none,917445620
690,Christian Lorenzen,@athleticexcel,C,,419272351
691,Casper Nørgaard Maglekær,none,C,none,419272351
692,Frederik Bloch Münster,@FrederikMnster,C,Tlf: 26 25 65 95 E-mail: Frederik@muenster.dk,2400260298
693,Kirsten Hassing Nielsen,@KirstenHassing,C,,1370673543604748290
694,Rikke Norlyk,@RikkeNorlyk,C,Folketingskandidat for Det Konservative Folkeparti,322497615
695,Rasmus Sandvej,none,C,none,322497615
696,Dorthe Schmittroth Madsen,@Dotschmittroth,C,,1469703255668240390
697,Tom Andkjær,@TomAndkjaer,D,Folketingskandidat - Nye Borgerlige,1525012511816400896
698,Karsten Byrgesen,@kb54071934,D,Sidder i Fredericia byråd for Nye Borgerlige,972678272
699,Rune Bønnelykke,@bonnelykke,D,,507690768
700,Bo Kleis Christensen,@BoKleis,D,Nye Borgerlige Sønderborg,742749898416787456
701,Jan Køpke Christensen (NyeBorgerlige),@jankopke,D,"1. suppleant til Folketinget for Pernille Vermund/Nye Borgerliges folketingskandidat i hele Syd- og Sønderjylland, Liste D.",225897464
702,Kim Kardashian,@KimKardashian,D,@SKIMS @SKKN @SKKYPartners,25365536
703,hans-Christian Gjerlevsen,@Gjerlevsennb,D,,1517853491158523906
704,Hans Henrik Husted,@henrikhusted,D,,39449665
705,Marianne Mathiesen,@MarianneM_LA,D,Medlem af regionsrådet Syddanmark  og læge.,1954622917
706,Thomas Vedsted,@TVedsted,D,,633192324
707,Pernille Vermund,@PernilleVermund,D,Formand for Nye Borgerlige. Medlem af Folketinget.,24687777
708,Nanna Bonde,@Nanna_Bonde,F,"Folketingskandidat for SF i Sydjylland. Tidl. landsformand for @SF_Ungdom.
Arbejder med borgerinddragelse i solcelle- og vindmølleprojekter i European Energy.",2792138557
709,Christian Mutwa Christensen,@CPMC_SF,F,"Folketingskandidat for SF i Syd- og Sønderjylland.

Kandidatgrad i Historie samt Film og TV.",1407609044408406026
710,Karina Lorentzen D.,@MF_K_Lorentzen,F,Socialist med hjerte. Sydjyde. MF for SF. Gruppeformand. Retsordfører og formand for udvalget for udvalget for øer og landdistrikter. Tlf. 61 62 30 45,1061131015
711,Milo Jacobsen Gaarde,@GaardeMilo,F,"Byrådskandidat for Socialistisk Folkeparti i 
Tønder Kommune",1423289645161275392
712,David Dam Jensen,@DavidDamJensen,F,"Stiller op som Danmarks yngste spidskandidat i Sydvestjylland for SF, folketingskandidat i hele Sydjylland og medlem af SF Ungdoms forretningsudvalg.",823470796282753024
713,John Hyrup jensen,@JohnHyrup,F,,3290052900
714,Laurits Kaae,none,F,none,3290052900
715,Wanda Madsen,@wandamadsen,F,,110765081
716,Privat Socialrådgiver Karin B Nissen,@PrivatNissen,F,Bekæmper sagsbehandlingsfejl og systemstress,1195804263215255559
717,Lars Olesen,none,F,none,1195804263215255559
718,Gunner Poulsen,@GunnerPoulsen,F,,1499900002138832905
719,Susanne Stenstrop Thorsen,@SusanneThorsen,F,"Journalist og kommunikationskonsulent, HK Sydjylland. Formand og folketingskandidat, SF Kolding.",72804587
720,Simon Dahl Verner,@simonverner,F,,185158590
721,Karl Erik Andersen,@karlerik,I,Bob Dylan - Expecting Rain webmaster,14316479
722,Carsten L. Andersen,@claDWPA,I,"My proffesional interests are wind turbines and technology, efficient operation of wind turbines, and training the future wind turbine techs of the industry.",95166947
723,Helena Artmann Andresen,none,I,none,95166947
724,Henrik Dahl,@SociologenHD,I,,2734140920
725,Kim Alexander Jensen,none,I,none,2734140920
726,Ken Kirkeby,@kinny_k,I,,57422528
727,Dorthe Wildt Nielsen,@DortheWildt,I,,4096961056
728,Tobias Pagh,@TobiasPagh,I,"HB 18/19
Campus Vejle 2019/22
LA",1329047317215916032
729,Mikkel M. Pedersen,@Mikkelmartin,I,Love creating stuff. Big fan of weird cross genre fiction. Joe R. Lansdale and Garth Ennis are my heroes. Also Game Director and Co-founder of Ghost Ship Games.,1273379246
730,Ester Esmarch,@ezmaralda3112,K,,333436058
731,Poul Harald Holm,none,K,none,333436058
732,Frits Simmelsgaard Kristensen,@KristensenFrits,K,,1476078144293687300
733,Mirjam Fibiger Olesen,none,K,none,1476078144293687300
734,Søren Lydeking Pedersen,none,K,none,1476078144293687300
735,Henrik Engelbrekt Refshauge,@henref,K,Board | Chair | CEO | COO | HR | Change management | Advocate for learning | Agile organisation | Visionary Transformation | Brand | Foundraising | IBA | UC-Syd,190349688
736,Frida,@Frida_bruun03,M,,4091031922
737,Henrik Frandsen,@HenrikFrandsen5,M,"Tidl. borgmester i Tønder, formand Tønder Listen - Største parti i Tønder og DK’s største lokalliste. Tidl.  landmand, landboforeningformand, viceformand L&F.",1249019841924734977
738,Mette Kierkgaard,@Mettekierkgaard,M,,4748071909
739,Kasper Søstrøm Müller,@KasperSostrom,M,Folketingskandidat Moderaterne,1506529586527584256
740,josephine alstrup,@josephinealstr1,O,,1488778613050728451
741,Lene Baggesø,@LBFruerboel,O,"Mor til fire, gift med den skønneste mand og medlem af verdens bedste parti. Dansk Folkeparti. Formand for Dansk Folkeparti Tønder.
Folketingskandidat for Dansk",1323153240196861952
742,Susanne Eilersen,@Eilersen_DF,O,fhv. Folketingsmedlem for Dansk Folkeparti og 1. Viceborgmester i Fredericia.,3300600657
743,Lasse Holmqvist,@LasseHolmqvist,O,,887434230
744,Peter Kofod(DF),@KofodPeter,O,MEP og tidl. MF for Dansk Folkeparti. Sidder i ID-gruppen.,1613378210
745,Jon Krongaard,@JonKrongaard,O,"Viceborgmester (DF) Haderslev 
Formand for Beskæftigelses- og Integrationsudvalget
Medlem af Økonomiudvalget",1294411436416999429
746,Søren Egge Rasmussen,@SorenEggeRasmus,O,Folketingsmedlem for Enhedslisten. Energi og Forsyningsordfører. Landbrugs- og fødevareordfører. Dyrevelfærdsordfører. Fiskeriordfører. Boligordfører.,4629954015
747,Marianne Karlberg,@MarianneKarlbe2,Q,"Spidskandidat i Syd og Sønderjylland for Frie Grønne. Tweeter om politik, uddannelse, kunst og kultur.",1310557177552285696
748,Viola Kirkegaard Kräge,@violakirkegaard,Q,"tysk-dansk, feminist, klimatosse, antiracist & spaghettielsker",1507840126365454338
749,Niels Henning Bladt,@NielsBladt,V,Folketingskandidat for Venstre i Kolding.,719747387015741440
750,Tilde Holch Duedahl,@HolchTilde,V,"Mor til 4, kontoruddannet, frivillig igennem flere årtier, aktiv i Venstre.",1164113413821390848
751,Preben Friis-Hauge,@FriisHauge,V,,1907345755
752,Eva Kjer Hansen,@EvaKjerHansen,V,Medlem af Folketinget for @venstredk.,2412289363
753,Tobias Jørgensen,@ByTjdk,V,"• Photographer @ FCK FanClub
• Photographer @ @GonzalesPhotoDK
• Business Contact: Hello@ByTJ.dk
• Instagram : ByTobiasJorgensen",77745331
754,Anni Matthiesen,@AnniMatthiesen,V,Folketingsmedlem for Venstre siden 2011 valgt i Syd- og Sønderjylland. Formand for erhvervsudvalget Kommunalordfører. Turismeordfører,2469669116
755,Christoffer Aagaard Melson,none,V,none,2469669116
756,Kasper B. Mundt,none,V,none,2469669116
757,Jacob Chr. Nielsen,@jacobchrnielsen,V,Erfaren erhvervsleder med hjertet på rette sted!,74161100
758,Chris Preuss,none,V,none,74161100
759,Klaus Sandfeld,@KlausSandfeld,V,Denne side skal understøtte mit politiske virke ifm FV og KV,1347971582770208769
760,Hans Christian Schmidt,none,V,none,1347971582770208769
761,Rikke Tangaa,@RikkeTangaa,V,,1667580745
762,Karina Adsbøl,@Karinameldgaard,Æ,Folketingskandidat for Dansk folkeparti,169662310
763,Jennifer Andresen,@lilo1love,Æ,,353852781
764,Patrick Culmsee Bryhl,none,Æ,none,353852781
765,Søren Espersen,@EspersenSoren,Æ,Folketingsmand,2444718215
766,Michael Mikkelsen,@MMikkelsen,Æ,"I advocate Nonviolence as a means to achieve Peace through Liberty.

Bitcoin Donations: 1JNHRUi7iMxKawsDGxP87vYp1BkW48L5Y7",23144343
767,Kenneth Fredslund Petersen,@KennethFredslu1,Æ,,1421726416383746048
768,Søren Egge Rasmussen,none,Ø,none,4629954015
769,Rasmus Vestergaard Madsen,none,Ø,none,4629954015
770,sarah norris,@sarahn12,Ø,ΑΔΠ,269428433
771,Richard David Precht,@richprecht,Ø,,2786677110
772,Selma Bolø,none,Ø,none,2786677110
773,Jan Filbært ,@filbaert,Ø,"Interesse for:,mennesker# politik# samfund# humor#",716695979
774,Mathias Dahl Christiansen,none,Ø,none,716695979
775,Marianne Ishøi Mose,@Ishoei,Ø,"Folketingskandidat, Enhedslisten. Folkeskolelærer. Mor. Sønderjylland.",23844599
776,Apple Support,@AppleSupport,Ø,"We’re here to provide tips, tricks and helpful information when you need it most. We’re available every day to answer your questions, from 5am-8pm Pacific.",3309375033
777,Benny Dall,none,Ø,none,3309375033
778,Sabrina Louise Christiansen,none,Ø,none,3309375033
779,Benjamin Strand Andersen,@BenjaminStran,Å,"Jeg er 29 år og bosat på Fanø, Arbejder i Fanø Boldklub, kasserer i flere foreninger, og medlem i Alternativet, hvor jeg er ordfører for Handicap og Etik",1523765766092431371
780,Nilas Bay-Foged (Å),@nilasnilas,Å,Folketingskandidat i Sydjylland og medstifter af Alternativet. Projektleder hos VedvarendeEnergi.,22467612
781,Jørn Bjorholm,@JrnBjorholm,Å,,575399214
782,Ditte Madvig Evald,none,Å,none,575399214
783,ASTRID S,@astridsofficial,Å,COME FIRST SEP 23rd,89812222
784,Hans Biering Fonsbøl,@hfonsboel,Å,"Kandidat til Folketinget og til Regionsrådet i Region Syddanmark for Alternativet
Privatpraktiserende psykolog, cand.pæd.psych.aut.",1435335653399711749
785,Rinnie Ilsøe,none,Å,none,1435335653399711749
786,Carsten Sohl,@SohlC,Å,,398997466
787,Ane Line Søndergaard,none,Å,none,398997466
788,Michael Winther,@CAPS_dad,Å,,818027840641925121
789,Kent Nielsen,none,UDEN,none,818027840641925121
790,Kenneth Vestergaard,@kennethvest,UDEN,,128300739
791,Anders Andreasen,none,A,none,128300739
792,Lars Fibæk,none,A,none,128300739
793,Karin Gaardsted,@KarinGaardsted,A,Medlem af Folketinget for Socialdemokraterne - valgt i Midt- og Vestjyllands storkreds,500041790
794,Mogens Jensen,none,A,none,500041790
795,Thomas Jensen,none,A,none,500041790
796,Annette Lind,@annette_lind,A,Socialdemokratisk folketingsmedlem. Gruppesekretær. Tingsekretær. Ordfører for Nordisk Råd. Udenrigsordfører. Medlem af Udenrigspolitisk Nævn,2893104329
797,Tina Mortensen,@TinaMortensen1,A,,898130232
798,Mette Lykke Nielsen,@MetteNielsen,A,"Owner of Lykke Advice. Tweeting about EU, politics, public affairs, fur, fashion, farming, health, trade and whatever else I find interesting!",21191954
799,Anne Paulin,@Paulin_Anne,A,"MF for S, klima- energi og forsyningsordfører, formand for Folketingets skatteudvalg, medlem af Nationalbankens bestyrelse. tlf. 61625140",906516619
800,Peter Kempf Pedersen,none,A,none,906516619
801,Per Kamp Stefansen,none,A,none,906516619
802,Johan Brødsgaard,@StemJohan,B,"1. Viceborgmeter i Silkeborg Kommune. Formand for Kultur, Fritid, Outdoor og Idræt. Medlem af Forretningsudvalget i R. FT-kandidat i Vestjylland.",35540690
803,Signe Driefer,none,B,none,35540690
804,Michael Flarup,none,B,none,35540690
805,Kathrine Olldag,@KathrineOlldag,B,"Radikal type. Glad for EU, klima- og energipolitik, uddannelse, human udlændingepolitik, cirkulær økonomi og tegneserier. Tweets for egen regning.",298967014
806,Josefine Schlosser,none,B,none,298967014
807,Keld Marstrand Wang,@KeldWang,B,kommer senere,1377289307778658305
808,Lise Bertelsen,@LiseBertelsen,C,,943136588
809,Mogens Birkelund,@scnordic,C,"Entrepreneur on solutions that will help save the world. Smarter grid and consumers, simply because it makes perfect sense.",49956384
810,Ole Gade,none,C,none,49956384
811,Bitten Kvist Jakobsen,none,C,none,49956384
812,Siff Tang Lassen,none,C,none,49956384
813,MICHAEL NORUP,@MICHAEL_NORUP_,C,,1480964480477585408
814,Søren Pape Poulsen,@SorenPape,C,Formand for @Konservativedk |,2712091824
815,Lennart Qvist,@QvistLennart,C,,1564672538042662917
816,Trine Trærup Roungkvist,none,C,none,1564672538042662917
817,Dina Raabjerg,@nkokdm,C,"Konservativ kandidat til Europa-
Parlamentet. Forretningsudvikler. Bestyrelsesmedlem. Tlf 20466921
nkokdm@icloud.com",278481821
818,Gitte Willumsen,@GitteWillumsen1,C,"Folketingsmedlem for Det Konservative Folkeparti. 

Uddannelses- og ungdomsuddannelsesordfører + Boligordfører",1516330935624552448
819,Alan Berg,@PercentBerg,D,"@WynnBET Vice President of Trading - Las Vegas by way of Montana and other stops - NFL, NFL, NFL and NFL, in that order",2954132463
820,Frederik Knud Nielsen,@FrederikKnudN,D,"Udvikling af lægemidler @Novartis - Gode vilkår for evidens, forskning og innovation indenfor sundhedsområdet. Kontakt: frederik.nielsen@novartis.com",1250376504636321792
821,Hans Ritter,@hansCritter,D,"Filmmaker, Music Geek, Concerned Citizen, Aquarium Drinker.",16686432
822,Tenna Røberg,@tenna_berg,D,,1325825126806511620
823,Mogens Aaby,@AabyMogens,D,Mogens Aaby. For et stærkere og større civilsamfund. Nye Borgerlige Vestjylland.,1335604625874046976
824,Meritta Bjerregaard,@MerittaB,F,Socialrådgiver,61039060
825,Anders Bøge,@ge_anders,F,,710186183549177857
826,Karsten Filsø,@KarstenFils,F,,873488193068380160
827,Emma Thorup Jacobsen,@EmmaThorup,F,,387267241
828,Niels-Kristian Skoulund Larsen,@SkoulundLarsen,F,"Leve livet, det du ikke dør af gøre dig stærkere",1484136419014717447
829,Signe Munk,none,F,none,1484136419014717447
830,Bente Refslund,@BRefslund,F,,860867554566393856
831,Carsten Bach,@carstenbachft,I,"Medlem af Folketinget, MF (Member of Parliament) for Liberal Alliance, valgt i Midt- og Vestjylland.",743354099958067200
832,Ragnar-Gwyn Dixen,@Ragnar_Gwyn,I,,168264914
833,Lene Foged,@LeneFoged,I,,1119989357841211393
834,Frederik Jacobsen,@imtherealfrede,I,,163037374
835,Thorbjørn Jacobsen,@tjliberal,I,,1567879405871009795
836,HelleJensen,@HelleJensen,I,"En slags menneske fyldt med lyst til mad, søvn og underholdning.",11090402
837,Kennet R. Kolby,none,I,none,11090402
838,Svend Stein Olsen,@SteinSvend1,I,,1588537564050464768
839,Mikkel Rentzø,@mikkelrentz,I,"liberalist og kandidat for Liberal Alliance, med frihed og rationalitet på hjernen.",2807018602
840,Steffen Troldtoft,none,I,none,2807018602
841,Per Asp,none,K,none,2807018602
842,Inge Jensen,none,K,none,2807018602
843,Marianne Karlsmose,@MKarlsmose,K,Engageret politiker for Kristendemokraterne. Regionsrådsmedlem (KD) i Midtjylland.,1086615446718156800
844,Jonas Røjkjær Laustsen,none,K,none,1086615446718156800
845,Karen-Margrethe Lysholm Jensen,@LysholmKarenM,K,,1555214764946628608
846,Steffen Markussen,@3k2csgo,K,"CSGO consultant - developing tools for @leetify - Used to play pro myself, then studied physics and coached. Ask me all you want about CSGO numbers!",66105348
847,Jens Kr. Mølby Nielsen,none,K,none,66105348
848,Marcus Sommerbirk,@Sommerbirk,K,"Lektor på Silkeborg Business College, B.Sc., MBA",105770189
849,Børge Rostgaard Winkel,none,K,none,105770189
850,Freya,@freyaindiaa,M,Words in @spectator @independent @newstatesman etc,1158437107838464001
851,Nikolaj Gam-Pedersen,@GamPedersen,M,"Halvnørdet 1. suppleant til FT for Moderaterne i Midt- og Vestjylland, som kæmper for, at vi tør skabe verdens mest stimulerende samfund at være borger i.",1152343843066527744
852,Jeppe Søe,none,M,none,1152343843066527744
853,Majbritt Birkholm Dansk Folkeparti,@BirkholmDF,O,"Ærlighed, ordentlighed og ægte vestjyde!",1544994395459649537
854,Kuno F. Danielsen,none,O,none,1544994395459649537
855,Michael Aastrup Jensen,none,O,none,16270209
856,Jakob Kjærsgaard,@jmk86,O,Specialsygeplejerske med base i F-ACT psykose. TR. Stor interesse for sport - særligt AaB og MCFC. Forkærlighed for kaffe og whisky - dog hver for sig.,61169252
857,Lone Langballe,@l_langballe,O,,2926806268
858,Erling Præstekjær,@pr_st_kj_r,O,"Spidskandidat til kommunalvalget 17, for DF i Herning kommune. Sidder i byrådet i Herning. skriver mest om politik.",864942526947627008
859,Rishi Balachandran,none,Q,none,864942526947627008
860,ida lund larsen,@idalundlarsen,Q,,960882780
861,Ib Bjerregaard,none,V,none,960882780
862,Thomas Danielsen,@ThDanielsen,V,Medlem af Folketinget - Gruppeformand for Venstre,378468270
863,Ulrich Fredberg,@UlrichFredberg,V,"Læge, adj. prof.",3288878103
864,Mads Fuglede,@madsfuglede,V,Udlændinge- og integrationsordfører for Venstre. Opstillet i Ringkøbing-Skjern. Elsk Fædrelandet. Frygt Gud. Ær flaget. Sænk Skatten.,37190496
865,Søren Gade,@SoerenGade,V,,975064362359623680
866,Lone Kastberg,@LoneKastberg,V,,2257847518
867,Carsten Kissmeyer,@CKissmeyer,V,"Carsten Kissmeyer - MF, medlem af Regionsrådet i Region Midtjylland, tidl. borgmester Ikast-Brande Kommune",2215701076
868,Kr. Pihl Lorentzen,@kplorentzen,V,Folketingsmedlem og trafikordfører for Venstre.,233261424
869,Jarl Matthiesen,@MatthiesenJarl,V,Jarl Matthiesen. Pensioneret eksportsælger. Engageret i lokalområdet hvor jeg bor. Formand for G77. Frivillig i Røde Kors. Aktiv i lokalpolitik for Venstre.,793033581450985472
870,Kenneth Mikkelsen,@KenHMikkelsen,V,Award-winning Leadership Developer l Leadership Program & Academy Designer l Existential Mentor l Leadership Coach l Social Philosopher l Speaker l Author,235124903
871,Jacob Vestergaard,@jacvestergaard,V,Senior Advisor,575172556
872,Vivi Altenburg,none,Æ,none,575172556
873,Dennis Flydtkjær,@flydtkjaer,Æ,Far til 3 dejlige børn og derudover Folketingsmedlem,531595033
874,Betina Kastbjerg,none,Æ,none,531595033
875,Morten Vehl,none,Æ,none,531595033
876,Maria Temponeras,@MariaTemponeras,Ø,"Folketingskandidat for Enhedslisten, Vestjyllands Storkreds. Klimaaktivist og biolog.",3086626812
877,Charlotte Lindberg,@clindberg3,Ø,,2596841203
878,Christian I. Jacobsen,none,Ø,none,2596841203
879,Per Møller Jacobsen,@PerMllerJacobs1,Ø,Kaffe lærd. Rejs aficionado. Amatør skaber. Livslang problematiker. Ekstrem baconentusiast.Kaffe lærd. Rejs aficionado. Amatør skaber. Livslang problematiker.,1415306329611243525
880,Aksel Rosager Johansen,none,Ø,none,1415306329611243525
881,Peter Sig Kristensen,none,Ø,none,1415306329611243525
882,Frederik Madsen,none,Ø,none,1415306329611243525
883,Sabrina Carpenter,none,Ø,none,63822383
884,LarsDohn,@LarsDohn,Ø,,436596773
885,Dorte Fløjgaard,none,Å,none,436596773
886,Rasmus Foged,@FogedRasmus,Å,"Psykiatriordfører for Alternativet, tidl. regionsrådsmedlem, cand.jur. & HA-jur., retsassessor Vestre Landsret, gift og 3 skønne børn, fodbolddommer og elbilist",1723443464
887,Jørn Grønkjær Jensen,@jgroenkjaer,Å,,2541823681
888,Kirsten Hindbo,@HindboKirsten,Å,Forsøger at lave et rimeligt aftryk,1365249987257507842
889,Lars Holstein,@holstein_lars,Å,"” Hvis du er tålmodig… og venter længe nok… sker der intet!” – cit. Garfield Der er altid et ""ALTERNATIV""",1136194412009140225
890,Stine K. Isaksen,@StineIsaksen,Å,,83028532
891,Didde Krabbe Johannesen,none,Å,none,83028532
892,H.C. Molbech,none,Å,none,83028532
893,Karen Predbjørn Klarbæk,none,UDEN,none,83028532
894,Camilla Fabricius,@CamFabricius,A,"MF S, social- og familieordfører, næstformand for sundhedsudvalget, miljø- psykiatriforkæmper, agf-fan, og nå ja socialt indigneret. mobil:61625864",2649896319
895,Dorthe Hindborg,@dhindborg,A,,29187357
896,Daniel Toft Jakobsen,none,A,none,29187357
897,Leif Lahn Jensen,@LahnLeif,A,"MF (S) Gruppeformand og tidligere havnearbejder. Valgt på Djursland, gift med Ann. Far til to søde piger.",2234506529
898,Jens Joel,@Jens_Joel,A,"Folketingsmedlem (S). Bor i Aarhus, valgt i Østjylland. Far, Finansudvalgsformand og Børne- Undervisnings- samt EU-ordfører for @spolitik. Sms/mobil: 61625181",266667139
899,Malte Larsen,@MalteLarsen1507,A,Landsformand for Nye Borgerliges Ungdom.,1471469319452336128
900,Thomas Monberg,none,A,none,1471469319452336128
901,Thyge Risvig,@RisvigThyge,A,,1554541741725941760
902,Iben Sønderup,@SonderupIben,A,"S-folketingskandidat, byrådsmedlem. Natur, trafikpolitik, uddannelsespolitik, ældreomsorg, ligestilling, klimatilpasning. iben.sonderup@randers.dk Tlf 30486763",3348005103
903,Anna Thusgård Rørstrøm,@A_Thusgaard,A,"25 år. Jurastuderende. 
FT-kandidat for Socialdemokratiet i Aarhus.",1485249703105212417
904,Nicolai Wammen,@NWammen,A,Finansminister (@Spolitik). Profilen føres ikke som minister. Mail: minister@fm.dk,2803948786
905,Rune Christiansen,@RuneRadikal,B,"Radikal folketingskandidat i Østjylland, lektor i historie og passioneret kværulant, der elsker både tal, viden og værdier.",3304704952
906,Rebecca Marie Johansson,@RebeccaMarieJoh,B,Folketingskandidat for Radikale Venstre Randers - Tlf 28 91 08 95 - rebeccamariejohansson@outlook.dk,1543182852141056000
907,Susan Kronborg,@kronborgsusan,B,Folketingskandidat i Østjylland ● Kæmper for ligeværd og retsstat samt et liberalt udsyn ●,807308466280943616
908,Mia Nybo,@NyboMia,B,Folketingskandidat - Humanist - bankansat - europæere - dansker - jyde - datter - søster (alt på en gang),739497728774942720
909,Katrine Robsøe,none,B,none,739497728774942720
910,Hanne Roed,@HanneRoed,B,"Regionsrådsmedlem Region Midt (B) og Næstformand i VIA-UC. Fokus på sundhed, udsatte og uddannelse. Mob. 2496 9631",83839195
911,Andreas Steenberg,@a_steenberg,B,Næstformand for den Radikale Folketingsgruppe. Politisk ordfører og finansordfører. Og ikke mindst tidl. fodbolddommer.,67289447
912,Frederik Aagaard Sørensen,none,B,none,67289447
913,Isabella Arendt,@IsabellaArendt,C,"Folketingskandidat i Østjylland. Svarer kun på nuancerede tweets, kun mandag-torsdag. Der skal være plads til familiepolitik i praksis
(Foto: Henrik B. Hansen)",348959857
914,Lotte Friis Böing,none,C,none,348959857
915,Kristian damsgaard,@Kristiandamsga1,C,,1484791392429916169
916,Charlotte Green,none,C,none,1484791392429916169
917,frederikke noa jung,@frederikkejung,C,,1174861406
918,Mona Juul,@JuulMona,C,"Folketingsmedlem @konservativedk Ordfører for erhverv, klima og miljø. Tlf.: 61623202 Mail: Mona.Juul@ft.dk",36910691
919,Marcus Knuth,@MarcusKnuth1,C,"MF, @konservativedk",1231218010154815489
920,Anders Krojgaard Lund,@AndersKLund,C,"Konservativ folketingskandidat 

Tlf: 20898218

Blander mig i debatter om USA, Forsvaret, skatter og samfundets orden.  Snapchat: Andklund IG: AndersK.Lund",1291045086
921,Klaus Nyengaard,@KlausNyengaard,C,"Investor via Nordic Makers. Father & in general too busy. Previously ceo of JUST EAT, ceo of LetsBuild, Chairman of Treatwell - et al. Og kernekonservativ!",135596536
922,Per Urban Olsen,@urban_per,C,,1549732481842221056
923,Heidi Printzen,@Printzen72,C,"Folketingskandidat for Det konservative folkeparti. Tweeter om uddannelsespolitik, politik generelt, sport og samfund",1284213253
924,Søren Vanting,@SrenVanting,C,,306954801
925,Jes Halfdan,none,D,none,306954801
926,Karina Kirk,@KarinaKirk8,D,,2880141931
927,Jens K. Lundager,none,D,none,2880141931
928,Lars Boje Mathiesen,@LBMathiesen,D,Medlem af Folketinget for Nye Borgerlige.,980721900
929,Lars Axel Nielsen,none,D,none,980721900
930,Inger-Marie Tryde,@TrydeMartensen,D,,933031495
931,Kirsten Normann,@KirstenNormann,F,"FT for SF
Sundheds- og ældreordfører
Boligordfører
Afbureaukratiseringsordfører
Tidligere Formand for FOA i Århus",235646319
932,Anna Brændemose,@annabraendemose,F,"Stedfortræder i Folketinget for SF
Kultur-, kirke- og handicapordfører",1243210185373605889
933,Morten Siig Henriksen,@mortensiig,F,Fra Hornslet. Byrådsmedlem i Syddjurs og folketingskandidat i Østjylland for SF. Bachelor i statskundskab på AU. mshe@syddjurs.dk 29938499,448853127
934,Sofie Lippert,none,F,none,448853127
935,Charlotte Broman Mølbæk,none,F,none,448853127
936,Rasmus Nordqvist,none,F,none,448853127
937,Søren Lahn Sloth,none,F,none,448853127
938,Charlotte Vindeløv,none,F,none,448853127
939,Louise Brown,@louisebrownstar,I,"Longtime education writer, retired from Toronto Star, current author of trending@tdsb stories of cool schools in Toronto",224011023
940,Line Brændgaard,none,I,none,224011023
941,Kurt Vind Christiansen,none,I,none,224011023
942,Michael Valentin Ilsø,none,I,none,224011023
943,Steffen Georg Jespersen,none,I,none,224011023
944,Jens Meilvang,@JmMeilvang,I,"Folketingskandidat - Østjylland                                             
Formand for Miljø- og teknikudvalget Norddjurs kommune",2177314307
945,Lisa Perkins,@lisa15minutes,I,PRer,59956556
946,Morten Kolbe Thomsen,@Morten_Kolbe,I,"Hovedbestyrelsesformand for Liberal Alliances Ungdom, Folketingskandidat (LA),
Medicinstuderende",1505114505071714304
947,Alex Vanopslagh,@AlexVanopslagh,I,Partileder for Liberal Alliance. Valgt i Vestjylland.,1531564633
948,Nicolai Wang,@nicolai_wang,I,,855014519436976128
949,Ditte Wedege,@DitteWedege,I,,1505133367716626434
950,Rolf Bjerre,@RolfBjerre,K,". Pirat & KristenDemokrat
. En-øjet fokus på IT &
Digitale FrihedsRettigheder .",3079565003
951,Henrik Hjortshøj,none,K,none,3079565003
952,Birgit W. Jakobsen,@Tigribz,K,I am setting sail for an epic fail,186759154
953,Kristian Søndergaard Larsen,none,K,none,186759154
954,Hanna-Maria Smed Molte Lyng,@HannaLyng,K,,3301635082
955,Nils-Erik Mulvad,@ErikMulvad,K,.,1491443436687405057
956,Palle Bjørn Rosenkilde,@BjPalle,K,Jeg er dansker,1324563959731597313
957,Henning Østergaard,none,K,none,1324563959731597313
958,Henrik Rejnholt Andersen,@RejnholtHenrik,M,"Folketingskandidat for Moderaterne i Østjyllands Storkreds - interesseområde - erhvervslivet , transport , miljø og familien",1538618481297457152
959,Tobias Grotkjær Elmstrøm - Folketingskandidat,@TobiasGrotkjaer,M,"Folketingskandidat for Moderaterne i Østjylland. Advokat med fokus på mennesket, faglighed og sund fornuft.",1463098046359781382
960,Can I have a photo Roy?,@canihaveaphoto1,M,Inspired by Peter Crouch’s podcast Roy Keane Gallery,1260173222600945669
961,Karin Liltorp,@KarinLiltorp,M,,984390907
962,kim christiansen,@Kim9news,O,9NEWS Anchor/Reporter,403829394
963,Laura Guldager,none,O,none,403829394
964,Daniel Aage Holm,none,O,none,403829394
965,Michael Nedersøe,none,O,none,403829394
966,Daniel Rosenkilde Damhus,@DamhusDaniel,O,Ambitiøs rådgiver indenfor planteproduktion,947920142943518721
967,Anders Vistisen,@AndersVistisen,O,"Public Affairs Director - Grace PA. Fhv. folkevalgt til Europa-Parlamentet 2014-19, Region Midtjylland 2009-14, Randers Byråd 2013-14 samt formand for DF Ungdom",336089942
968,Extremes_WSL,@ExtremesWsl,O,Thinking the Extreme | Researching the Unknown & Improbable | WSL Research Program Extremes | Tweets are our own | Nick Zimmermann | Astrid Björnsen,1349351292892815360
969,Niko Grünfeld,none,Q,none,1349351292892815360
970,Mohamed Abdikarim,@Mohamed29343260,Q,,1520404106069921793
971,Karina Dammand,none,Q,none,1520404106069921793
972,Sara Hvidbak Grouleff,none,Q,none,1520404106069921793
973,Ali Khatib,none,Q,none,1520404106069921793
974,Stephan Arnold,none,V,none,1520404106069921793
975,Heidi Bank,@bankHeidi,V,"Fhv. MF (V), Formand for Ligestillingsudvalget, Næstformand Indenrigs- og Boligudvalget. Kan kontaktes på heidibank@mac.com",31388139
976,Jakob Ellemann-Jensen,none,V,none,155584627
977,Michael Aastrup Jensen,none,V,none,16270209
978,Gustav Juul,@Juul17,V,"Nordjysk viborgfan, der arbejder i Næstved, bor i København og hader Herning. Danmarks Radio. Snap mig på Fuckingjuul",37422413
979,Jens Kloppenborg-Skrumsager,none,V,none,37422413
980,Louise H. Louring,@LHL_21,V,,2725038179
981,Troels Lund Poulsen,@troelslundp,V,"Folketingsmedlem for @venstredk, valgt i Østjyllands Storkreds, Hedensted. Så bliver arbejdet gjort.",2965907578
982,Lene Prip-Sørensen,none,V,none,2965907578
983,Erik veje Rasmussen,@VejeErik,V,,1558189335232626693
984,Tina Lund Sørensen,@tinalund81,V,Politik Sundhed Statsembedsmænd og -institutioner Generelle nyheder,2217594321
985,Linda Englyst,none,Æ,none,2217594321
986,Lone Glarbo,none,Æ,none,2217594321
987,Ulrik V Knudsen,@UlrikVK,Æ,,2371361938
988,Erik Simon Poulsen,@barstoolcadaver,Æ,"ex owner of @OT_SportsBar, now in recovery,  master of zen driving, student of unknown knowns, hack musician. a dessert topping and a floor wax.",149214083
989,Hans Kristian Skibby,@Hans_Kr_Skibby,Æ,"Hans Kristian Skibby MF,  Danmarksdemokraterne",1131430489
990,Mai Villadsen,@MaiVilladsen,Ø,Politisk ordfører for Enhedslisten,4724782641
991,Anne Hegelund,@annehegelund89,Ø,Folketingskandidat i Østjylland opstillet for Enhedslisten i Aarhus Vest.,541517553
992,Lisbeth Torfing,none,Ø,none,541517553
993,Kristjar Skajaa,@Kristjar,Ø,"Institutleder, Institut for Klinisk Medicin,",259898548
994,Jesper Yde Knudsen,@JesperYdeK,Ø,"Byrådsmedlem i Syddjurs, kæmper for mere vild natur, mere velfærd og bekæmpelse af klimaforandringer. Gymnasielærer i Biologi, Bioteknologi og Samfundsfag.",1920026016
995,Anders Pedersen,@Anders_RedCross,Ø,"International Director, Swedish Red Cross. Former United Nations RC/HC in Jordan.",115881691
996,Karen Budtz-Jørgensen,@budtzweiser,Ø,Idk folk siger man burde have Twitter,1434239217039814656
997,Magnus Fage Gislason,@hulepigen,Ø,,1506297320304001024
998,Lucasia Gregersen,none,Ø,none,1506297320304001024
999,Rasmus Bøgh Vinther,none,Ø,none,1506297320304001024
1000,Mira Issa Bloch,@BlochMira,Å,Folketingskandidat for Å. Fokus på den grønne omstilling og social retfærdighed.,1126440083345879040
1001,Carsten borup,@Carstenborup3,Å,,1498565350132174849
1002,Torsten Gejl,@TorstenGejl,Å,MF og politisk ordfører for Alternativet.,2806864609
1003,Nikoline Erbs Hillers-Bendtsen,@nikoline2b,Å,Folketingskandidat og Unge ordfører for Alternativet,3101750590
1004,Thor Clasen Jonasen,@ClasenThor,Å,,1303077036597149696
1005,Vinni Kjærgaard Jørgensen,none,Å,none,1303077036597149696
1006,Mads Damgaard Mortensen (Å),@Mads5408,Å,"Folketingskandidat for Alternativet i Storkreds Østjylland.
Kontakt mig på telf: 61115799 eller mail: mads.mortensen@alternativet.dk",1022251560
1007,Thomas Due Nielsen,@ThomasDueNielse,Å,AAU Student & entrepeneur excellence,1567577402
1008,Berit Naomi Skjernaa,none,Å,none,1567577402
1009,Sarah Geronimo,@JustSarahG,Å,,1170817123
1010,Helle Wium,@HWium,Å,"Alternativet's Storkredsbestyrelse Østjylland, Mejeriingeniør, Ph.D., Principal application scientist, Bakery R&D",39296795
1011,"Line Aaen ,- Alternativet",@line_aaen,Å,"Folketingskandidat, Underviser på VUC Djursland i dansk og ordblinde. Klima, miljø, mere natur,  livskvalitet og udvikling, pengereform er mærkesager.",3300730179
1012,Jesper Antonsen,@JesperAntonsen,UDEN,,479025309
1013,Chresten H. Ibsen,none,UDEN,none,479025309
